"Date","Price","Year","Week"
1/6/1992,1.042,1992,1
1/13/1992,1.026,1992,2
1/20/1992,1.014,1992,3
1/27/1992,1.006,1992,4
2/3/1992,0.995,1992,5
2/10/1992,1.004,1992,6
2/17/1992,1.011,1992,7
2/24/1992,1.014,1992,8
3/2/1992,1.012,1992,9
3/9/1992,1.013,1992,10
3/16/1992,1.01,1992,11
3/23/1992,1.015,1992,12
3/30/1992,1.013,1992,13
4/6/1992,1.026,1992,14
4/13/1992,1.051,1992,15
4/20/1992,1.058,1992,16
4/27/1992,1.072,1992,17
5/4/1992,1.089,1992,18
5/11/1992,1.102,1992,19
5/18/1992,1.118,1992,20
5/25/1992,1.12,1992,21
6/1/1992,1.128,1992,22
6/8/1992,1.143,1992,23
6/15/1992,1.151,1992,24
6/22/1992,1.153,1992,25
6/29/1992,1.149,1992,26
7/6/1992,1.147,1992,27
7/13/1992,1.139,1992,28
7/20/1992,1.132,1992,29
7/27/1992,1.128,1992,30
8/3/1992,1.126,1992,31
8/10/1992,1.123,1992,32
8/17/1992,1.116,1992,33
8/24/1992,1.123,1992,34
8/31/1992,1.121,1992,35
9/7/1992,1.121,1992,36
9/14/1992,1.124,1992,37
9/21/1992,1.123,1992,38
9/28/1992,1.118,1992,39
10/5/1992,1.115,1992,40
10/12/1992,1.115,1992,41
10/19/1992,1.113,1992,42
10/26/1992,1.113,1992,43
11/2/1992,1.12,1992,44
11/9/1992,1.12,1992,45
11/16/1992,1.112,1992,46
11/23/1992,1.106,1992,47
11/30/1992,1.098,1992,48
12/7/1992,1.089,1992,49
12/14/1992,1.078,1992,50
12/21/1992,1.074,1992,51
12/28/1992,1.069,1992,52
1/4/1993,1.065,1993,1
1/11/1993,1.066,1993,2
1/18/1993,1.061,1993,3
1/25/1993,1.055,1993,4
2/1/1993,1.055,1993,5
2/8/1993,1.062,1993,6
2/15/1993,1.053,1993,7
2/22/1993,1.047,1993,8
3/1/1993,1.042,1993,9
3/8/1993,1.048,1993,10
3/15/1993,1.058,1993,11
3/22/1993,1.056,1993,12
3/29/1993,1.057,1993,13
4/5/1993,1.068,1993,14
4/12/1993,1.079,1993,15
4/19/1993,1.079,1993,16
4/26/1993,1.086,1993,17
5/3/1993,1.086,1993,18
5/10/1993,1.097,1993,19
5/17/1993,1.106,1993,20
5/24/1993,1.106,1993,21
5/31/1993,1.107,1993,22
6/7/1993,1.104,1993,23
6/14/1993,1.101,1993,24
6/21/1993,1.095,1993,25
6/28/1993,1.089,1993,26
7/5/1993,1.086,1993,27
7/12/1993,1.081,1993,28
7/19/1993,1.075,1993,29
7/26/1993,1.069,1993,30
8/2/1993,1.062,1993,31
8/9/1993,1.06,1993,32
8/16/1993,1.059,1993,33
8/23/1993,1.065,1993,34
8/30/1993,1.062,1993,35
9/6/1993,1.055,1993,36
9/13/1993,1.051,1993,37
9/20/1993,1.045,1993,38
9/27/1993,1.047,1993,39
10/4/1993,1.092,1993,40
10/11/1993,1.09,1993,41
10/18/1993,1.093,1993,42
10/25/1993,1.092,1993,43
11/1/1993,1.084,1993,44
11/8/1993,1.075,1993,45
11/15/1993,1.064,1993,46
11/22/1993,1.058,1993,47
11/29/1993,1.051,1993,48
12/6/1993,1.036,1993,49
12/13/1993,1.018,1993,50
12/20/1993,1.003,1993,51
12/27/1993,0.999,1993,52
1/3/1994,0.992,1994,1
1/10/1994,0.995,1994,2
1/17/1994,1.001,1994,3
1/24/1994,0.999,1994,4
1/31/1994,1.005,1994,5
2/7/1994,1.007,1994,6
2/14/1994,1.016,1994,7
2/21/1994,1.009,1994,8
2/28/1994,1.004,1994,9
3/7/1994,1.007,1994,10
3/14/1994,1.005,1994,11
3/21/1994,1.007,1994,12
3/28/1994,1.012,1994,13
4/4/1994,1.011,1994,14
4/11/1994,1.028,1994,15
4/18/1994,1.033,1994,16
4/25/1994,1.037,1994,17
5/2/1994,1.04,1994,18
5/9/1994,1.045,1994,19
5/16/1994,1.046,1994,20
5/23/1994,1.05,1994,21
5/30/1994,1.056,1994,22
6/6/1994,1.065,1994,23
6/13/1994,1.073,1994,24
6/20/1994,1.079,1994,25
6/27/1994,1.095,1994,26
7/4/1994,1.097,1994,27
7/11/1994,1.103,1994,28
7/18/1994,1.109,1994,29
7/25/1994,1.114,1994,30
8/1/1994,1.13,1994,31
8/8/1994,1.157,1994,32
8/15/1994,1.161,1994,33
8/22/1994,1.165,1994,34
8/29/1994,1.161,1994,35
9/5/1994,1.156,1994,36
9/12/1994,1.15,1994,37
9/19/1994,1.14,1994,38
9/26/1994,1.129,1994,39
10/3/1994,1.12,1994,40
10/10/1994,1.114,1994,41
10/17/1994,1.106,1994,42
10/24/1994,1.107,1994,43
10/31/1994,1.121,1994,44
11/7/1994,1.123,1994,45
11/14/1994,1.122,1994,46
11/21/1994,1.113,1994,47
11/28/1994,1.082,1994,48
12/5/1994,1.075,1994,49
12/12/1994,1.064,1994,50
12/19/1994,1.056,1994,51
12/26/1994,1.044,1994,52
1/2/1995,1.063,1995,1
1/9/1995,1.07,1995,2
1/16/1995,1.062,1995,3
1/23/1995,1.068,1995,4
1/30/1995,1.068,1995,5
2/6/1995,1.062,1995,6
2/13/1995,1.058,1995,7
2/20/1995,1.052,1995,8
2/27/1995,1.06,1995,9
3/6/1995,1.063,1995,10
3/13/1995,1.056,1995,11
3/20/1995,1.055,1995,12
3/27/1995,1.063,1995,13
4/3/1995,1.077,1995,14
4/10/1995,1.094,1995,15
4/17/1995,1.11,1995,16
4/24/1995,1.133,1995,17
5/1/1995,1.141,1995,18
5/8/1995,1.164,1995,19
5/15/1995,1.173,1995,20
5/22/1995,1.191,1995,21
5/29/1995,1.193,1995,22
6/5/1995,1.194,1995,23
6/12/1995,1.19,1995,24
6/19/1995,1.183,1995,25
6/26/1995,1.177,1995,26
7/3/1995,1.169,1995,27
7/10/1995,1.159,1995,28
7/17/1995,1.148,1995,29
7/24/1995,1.138,1995,30
7/31/1995,1.126,1995,31
8/7/1995,1.124,1995,32
8/14/1995,1.121,1995,33
8/21/1995,1.122,1995,34
8/28/1995,1.113,1995,35
9/4/1995,1.111,1995,36
9/11/1995,1.107,1995,37
9/18/1995,1.106,1995,38
9/25/1995,1.106,1995,39
10/2/1995,1.1,1995,40
10/9/1995,1.092,1995,41
10/16/1995,1.081,1995,42
10/23/1995,1.073,1995,43
10/30/1995,1.062,1995,44
11/6/1995,1.06,1995,45
11/13/1995,1.059,1995,46
11/20/1995,1.056,1995,47
11/27/1995,1.057,1995,48
12/4/1995,1.058,1995,49
12/11/1995,1.057,1995,50
12/18/1995,1.072,1995,51
12/25/1995,1.075,1995,52
1/1/1996,1.077,1996,1
1/8/1996,1.086,1996,2
1/15/1996,1.092,1996,3
1/22/1996,1.084,1996,4
1/29/1996,1.079,1996,5
2/5/1996,1.076,1996,6
2/12/1996,1.073,1996,7
2/19/1996,1.078,1996,8
2/26/1996,1.099,1996,9
3/4/1996,1.115,1996,10
3/11/1996,1.116,1996,11
3/18/1996,1.128,1996,12
3/25/1996,1.158,1996,13
4/1/1996,1.172,1996,14
4/8/1996,1.195,1996,15
4/15/1996,1.234,1996,16
4/22/1996,1.243,1996,17
4/29/1996,1.257,1996,18
5/6/1996,1.259,1996,19
5/13/1996,1.262,1996,20
5/20/1996,1.269,1996,21
5/27/1996,1.26,1996,22
6/3/1996,1.252,1996,23
6/10/1996,1.247,1996,24
6/17/1996,1.241,1996,25
6/24/1996,1.23,1996,26
7/1/1996,1.219,1996,27
7/8/1996,1.217,1996,28
7/15/1996,1.215,1996,29
7/22/1996,1.215,1996,30
7/29/1996,1.209,1996,31
8/5/1996,1.199,1996,32
8/12/1996,1.196,1996,33
8/19/1996,1.199,1996,34
8/26/1996,1.201,1996,35
9/2/1996,1.193,1996,36
9/9/1996,1.201,1996,37
9/16/1996,1.203,1996,38
9/23/1996,1.203,1996,39
9/30/1996,1.199,1996,40
10/7/1996,1.191,1996,41
10/14/1996,1.203,1996,42
10/21/1996,1.205,1996,43
10/28/1996,1.217,1996,44
11/4/1996,1.225,1996,45
11/11/1996,1.229,1996,46
11/18/1996,1.238,1996,47
11/25/1996,1.246,1996,48
12/2/1996,1.242,1996,49
12/9/1996,1.241,1996,50
12/16/1996,1.233,1996,51
12/23/1996,1.227,1996,52
12/30/1996,1.224,1996,53
1/6/1997,1.22,1997,1
1/13/1997,1.235,1997,2
1/20/1997,1.236,1997,3
1/27/1997,1.232,1997,4
2/3/1997,1.23,1997,5
2/10/1997,1.227,1997,6
2/17/1997,1.22,1997,7
2/24/1997,1.217,1997,8
3/3/1997,1.208,1997,9
3/10/1997,1.199,1997,10
3/17/1997,1.191,1997,11
3/24/1997,1.196,1997,12
3/31/1997,1.191,1997,13
4/7/1997,1.192,1997,14
4/14/1997,1.187,1997,15
4/21/1997,1.188,1997,16
4/28/1997,1.185,1997,17
5/5/1997,1.182,1997,18
5/12/1997,1.182,1997,19
5/19/1997,1.195,1997,20
5/26/1997,1.204,1997,21
6/2/1997,1.206,1997,22
6/9/1997,1.198,1997,23
6/16/1997,1.189,1997,24
6/23/1997,1.179,1997,25
6/30/1997,1.171,1997,26
7/7/1997,1.169,1997,27
7/14/1997,1.165,1997,28
7/21/1997,1.17,1997,29
7/28/1997,1.164,1997,30
8/4/1997,1.185,1997,31
8/11/1997,1.219,1997,32
8/18/1997,1.218,1997,33
8/25/1997,1.23,1997,34
9/1/1997,1.229,1997,35
9/8/1997,1.227,1997,36
9/15/1997,1.219,1997,37
9/22/1997,1.208,1997,38
9/29/1997,1.195,1997,39
10/6/1997,1.195,1997,40
10/13/1997,1.187,1997,41
10/20/1997,1.178,1997,42
10/27/1997,1.168,1997,43
11/3/1997,1.163,1997,44
11/10/1997,1.164,1997,45
11/17/1997,1.156,1997,46
11/24/1997,1.15,1997,47
12/1/1997,1.14,1997,48
12/8/1997,1.128,1997,49
12/15/1997,1.118,1997,50
12/22/1997,1.108,1997,51
12/29/1997,1.099,1997,52
1/5/1998,1.089,1998,1
1/12/1998,1.083,1998,2
1/19/1998,1.072,1998,3
1/26/1998,1.055,1998,4
2/2/1998,1.051,1998,5
2/9/1998,1.045,1998,6
2/16/1998,1.032,1998,7
2/23/1998,1.038,1998,8
3/2/1998,1.025,1998,9
3/9/1998,1.017,1998,10
3/16/1998,1.006,1998,11
3/23/1998,0.998,1998,12
3/30/1998,1.026,1998,13
4/6/1998,1.023,1998,14
4/13/1998,1.018,1998,15
4/20/1998,1.021,1998,16
4/27/1998,1.032,1998,17
5/4/1998,1.038,1998,18
5/11/1998,1.052,1998,19
5/18/1998,1.055,1998,20
5/25/1998,1.052,1998,21
6/1/1998,1.047,1998,22
6/8/1998,1.06,1998,23
6/15/1998,1.049,1998,24
6/22/1998,1.041,1998,25
6/29/1998,1.042,1998,26
7/6/1998,1.041,1998,27
7/13/1998,1.037,1998,28
7/20/1998,1.044,1998,29
7/27/1998,1.035,1998,30
8/3/1998,1.023,1998,31
8/10/1998,1.018,1998,32
8/17/1998,1.011,1998,33
8/24/1998,1.004,1998,34
8/31/1998,0.998,1998,35
9/7/1998,0.991,1998,36
9/14/1998,0.987,1998,37
9/21/1998,0.999,1998,38
9/28/1998,0.999,1998,39
10/5/1998,1.006,1998,40
10/12/1998,1.01,1998,41
10/19/1998,1.007,1998,42
10/26/1998,1.001,1998,43
11/2/1998,0.997,1998,44
11/9/1998,0.994,1998,45
11/16/1998,0.981,1998,46
11/23/1998,0.971,1998,47
11/30/1998,0.954,1998,48
12/7/1998,0.933,1998,49
12/14/1998,0.923,1998,50
12/21/1998,0.921,1998,51
12/28/1998,0.914,1998,52
1/4/1999,0.913,1999,1
1/11/1999,0.92,1999,2
1/18/1999,0.921,1999,3
1/25/1999,0.913,1999,4
2/1/1999,0.908,1999,5
2/8/1999,0.907,1999,6
2/15/1999,0.899,1999,7
2/22/1999,0.885,1999,8
3/1/1999,0.891,1999,9
3/8/1999,0.9,1999,10
3/15/1999,0.958,1999,11
3/22/1999,0.999,1999,12
3/29/1999,1.055,1999,13
4/5/1999,1.087,1999,14
4/12/1999,1.107,1999,15
4/19/1999,1.103,1999,16
4/26/1999,1.099,1999,17
5/3/1999,1.107,1999,18
5/10/1999,1.109,1999,19
5/17/1999,1.112,1999,20
5/24/1999,1.101,1999,21
5/31/1999,1.088,1999,22
6/7/1999,1.092,1999,23
6/14/1999,1.088,1999,24
6/21/1999,1.105,1999,25
6/28/1999,1.095,1999,26
7/5/1999,1.11,1999,27
7/12/1999,1.123,1999,28
7/19/1999,1.148,1999,29
7/26/1999,1.172,1999,30
8/2/1999,1.172,1999,31
8/9/1999,1.183,1999,32
8/16/1999,1.214,1999,33
8/23/1999,1.212,1999,34
8/30/1999,1.214,1999,35
9/6/1999,1.223,1999,36
9/13/1999,1.234,1999,37
9/20/1999,1.252,1999,38
9/27/1999,1.248,1999,39
10/4/1999,1.242,1999,40
10/11/1999,1.234,1999,41
10/18/1999,1.22,1999,42
10/25/1999,1.225,1999,43
11/1/1999,1.218,1999,44
11/8/1999,1.222,1999,45
11/15/1999,1.24,1999,46
11/22/1999,1.258,1999,47
11/29/1999,1.262,1999,48
12/6/1999,1.26,1999,49
12/13/1999,1.263,1999,50
12/20/1999,1.257,1999,51
12/27/1999,1.263,1999,52
1/3/2000,1.26,2000,1
1/10/2000,1.252,2000,2
1/17/2000,1.268,2000,3
1/24/2000,1.307,2000,4
1/31/2000,1.307,2000,5
2/7/2000,1.319,2000,6
2/14/2000,1.35,2000,7
2/21/2000,1.4,2000,8
2/28/2000,1.413,2000,9
3/6/2000,1.49,2000,10
3/13/2000,1.511,2000,11
3/20/2000,1.508,2000,12
3/27/2000,1.484,2000,13
4/3/2000,1.478,2000,14
4/10/2000,1.447,2000,15
4/17/2000,1.415,2000,16
4/24/2000,1.406,2000,17
5/1/2000,1.386,2000,18
5/8/2000,1.427,2000,19
5/15/2000,1.466,2000,20
5/22/2000,1.494,2000,21
5/29/2000,1.509,2000,22
6/5/2000,1.535,2000,23
6/12/2000,1.607,2000,24
6/19/2000,1.664,2000,25
6/26/2000,1.641,2000,26
7/3/2000,1.606,2000,27
7/10/2000,1.571,2000,28
7/17/2000,1.521,2000,29
7/24/2000,1.499,2000,30
7/31/2000,1.447,2000,31
8/7/2000,1.437,2000,32
8/14/2000,1.42,2000,33
8/21/2000,1.444,2000,34
8/28/2000,1.456,2000,35
9/4/2000,1.502,2000,36
9/11/2000,1.535,2000,37
9/18/2000,1.539,2000,38
9/25/2000,1.525,2000,39
10/2/2000,1.498,2000,40
10/9/2000,1.473,2000,41
10/16/2000,1.516,2000,42
10/23/2000,1.532,2000,43
10/30/2000,1.523,2000,44
11/6/2000,1.502,2000,45
11/13/2000,1.501,2000,46
11/20/2000,1.487,2000,47
11/27/2000,1.489,2000,48
12/4/2000,1.464,2000,49
12/11/2000,1.425,2000,50
12/18/2000,1.396,2000,51
12/25/2000,1.388,2000,52
1/1/2001,1.377,2001,1
1/8/2001,1.4,2001,2
1/15/2001,1.458,2001,3
1/22/2001,1.456,2001,4
1/29/2001,1.446,2001,5
2/5/2001,1.426,2001,6
2/12/2001,1.46,2001,7
2/19/2001,1.429,2001,8
2/26/2001,1.41,2001,9
3/5/2001,1.393,2001,10
3/12/2001,1.387,2001,11
3/19/2001,1.377,2001,12
3/26/2001,1.379,2001,13
4/2/2001,1.411,2001,14
4/9/2001,1.469,2001,15
4/16/2001,1.535,2001,16
4/23/2001,1.586,2001,17
4/30/2001,1.585,2001,18
5/7/2001,1.659,2001,19
5/14/2001,1.663,2001,20
5/21/2001,1.637,2001,21
5/28/2001,1.656,2001,22
6/4/2001,1.63,2001,23
6/11/2001,1.58,2001,24
6/18/2001,1.526,2001,25
6/25/2001,1.454,2001,26
7/2/2001,1.384,2001,27
7/9/2001,1.35,2001,28
7/16/2001,1.33,2001,29
7/23/2001,1.318,2001,30
7/30/2001,1.319,2001,31
8/6/2001,1.319,2001,32
8/13/2001,1.347,2001,33
8/20/2001,1.399,2001,34
8/27/2001,1.48,2001,35
9/3/2001,1.538,2001,36
9/10/2001,1.511,2001,37
9/17/2001,1.516,2001,38
9/24/2001,1.46,2001,39
10/1/2001,1.381,2001,40
10/8/2001,1.31,2001,41
10/15/2001,1.264,2001,42
10/22/2001,1.221,2001,43
10/29/2001,1.193,2001,44
11/5/2001,1.17,2001,45
11/12/2001,1.147,2001,46
11/19/2001,1.14,2001,47
11/26/2001,1.097,2001,48
12/3/2001,1.084,2001,49
12/10/2001,1.075,2001,50
12/17/2001,1.042,2001,51
12/24/2001,1.063,2001,52
12/31/2001,1.096,2001,53
1/7/2002,1.109,2002,1
1/14/2002,1.099,2002,2
1/21/2002,1.087,2002,3
1/28/2002,1.081,2002,4
2/4/2002,1.098,2002,5
2/11/2002,1.085,2002,6
2/18/2002,1.089,2002,7
2/25/2002,1.087,2002,8
3/4/2002,1.118,2002,9
3/11/2002,1.194,2002,10
3/18/2002,1.262,2002,11
3/25/2002,1.308,2002,12
4/1/2002,1.339,2002,13
4/8/2002,1.382,2002,14
4/15/2002,1.368,2002,15
4/22/2002,1.367,2002,16
4/29/2002,1.353,2002,17
5/6/2002,1.356,2002,18
5/13/2002,1.349,2002,19
5/20/2002,1.36,2002,20
5/27/2002,1.348,2002,21
6/3/2002,1.353,2002,22
6/10/2002,1.332,2002,23
6/17/2002,1.335,2002,24
6/24/2002,1.342,2002,25
7/1/2002,1.357,2002,26
7/8/2002,1.345,2002,27
7/15/2002,1.361,2002,28
7/22/2002,1.381,2002,29
7/29/2002,1.376,2002,30
8/5/2002,1.355,2002,31
8/12/2002,1.355,2002,32
8/19/2002,1.357,2002,33
8/26/2002,1.365,2002,34
9/2/2002,1.353,2002,35
9/9/2002,1.355,2002,36
9/16/2002,1.367,2002,37
9/23/2002,1.357,2002,38
9/30/2002,1.385,2002,39
10/7/2002,1.416,2002,40
10/14/2002,1.422,2002,41
10/21/2002,1.443,2002,42
10/28/2002,1.427,2002,43
11/4/2002,1.427,2002,44
11/11/2002,1.406,2002,45
11/18/2002,1.37,2002,46
11/25/2002,1.336,2002,47
12/2/2002,1.316,2002,48
12/9/2002,1.316,2002,49
12/16/2002,1.322,2002,50
12/23/2002,1.371,2002,51
12/30/2002,1.417,2002,52
1/6/2003,1.412,2003,1
1/13/2003,1.423,2003,2
1/20/2003,1.422,2003,3
1/27/2003,1.437,2003,4
2/3/2003,1.499,2003,5
2/10/2003,1.582,2003,6
2/17/2003,1.63,2003,7
2/24/2003,1.617,2003,8
3/3/2003,1.641,2003,9
3/10/2003,1.663,2003,10
3/17/2003,1.673,2003,11
3/24/2003,1.626,2003,12
3/31/2003,1.577,2003,13
4/7/2003,1.557,2003,14
4/14/2003,1.521,2003,15
4/21/2003,1.504,2003,16
4/28/2003,1.486,2003,17
5/5/2003,1.441,2003,18
5/12/2003,1.427,2003,19
5/19/2003,1.444,2003,20
5/26/2003,1.439,2003,21
6/2/2003,1.428,2003,22
6/9/2003,1.456,2003,23
6/16/2003,1.48,2003,24
6/23/2003,1.451,2003,25
6/30/2003,1.443,2003,26
7/7/2003,1.448,2003,27
7/14/2003,1.489,2003,28
7/21/2003,1.496,2003,29
7/28/2003,1.488,2003,30
8/4/2003,1.516,2003,31
8/11/2003,1.55,2003,32
8/18/2003,1.594,2003,33
8/25/2003,1.693,2003,34
9/1/2003,1.688,2003,35
9/8/2003,1.653,2003,36
9/15/2003,1.636,2003,37
9/22/2003,1.58,2003,38
9/29/2003,1.524,2003,39
10/6/2003,1.511,2003,40
10/13/2003,1.515,2003,41
10/20/2003,1.527,2003,42
10/27/2003,1.499,2003,43
11/3/2003,1.494,2003,44
11/10/2003,1.464,2003,45
11/17/2003,1.459,2003,46
11/24/2003,1.478,2003,47
12/1/2003,1.454,2003,48
12/8/2003,1.441,2003,49
12/15/2003,1.433,2003,50
12/22/2003,1.459,2003,51
12/29/2003,1.454,2003,52
1/5/2004,1.492,2004,1
1/12/2004,1.544,2004,2
1/19/2004,1.579,2004,3
1/26/2004,1.604,2004,4
2/2/2004,1.591,2004,5
2/9/2004,1.609,2004,6
2/16/2004,1.617,2004,7
2/23/2004,1.641,2004,8
3/1/2004,1.664,2004,9
3/8/2004,1.69,2004,10
3/15/2004,1.675,2004,11
3/22/2004,1.698,2004,12
3/29/2004,1.716,2004,13
4/5/2004,1.737,2004,14
4/12/2004,1.74,2004,15
4/19/2004,1.773,2004,16
4/26/2004,1.774,2004,17
5/3/2004,1.811,2004,18
5/10/2004,1.904,2004,19
5/17/2004,1.979,2004,20
5/24/2004,2.026,2004,21
5/31/2004,2.004,2004,22
6/7/2004,1.983,2004,23
6/14/2004,1.926,2004,24
6/21/2004,1.873,2004,25
6/28/2004,1.859,2004,26
7/5/2004,1.835,2004,27
7/12/2004,1.869,2004,28
7/19/2004,1.888,2004,29
7/26/2004,1.861,2004,30
8/2/2004,1.846,2004,31
8/9/2004,1.839,2004,32
8/16/2004,1.842,2004,33
8/23/2004,1.854,2004,34
8/30/2004,1.827,2004,35
9/6/2004,1.815,2004,36
9/13/2004,1.813,2004,37
9/20/2004,1.839,2004,38
9/27/2004,1.895,2004,39
10/4/2004,1.902,2004,40
10/11/2004,1.949,2004,41
10/18/2004,1.984,2004,42
10/25/2004,1.98,2004,43
11/1/2004,1.986,2004,44
11/8/2004,1.951,2004,45
11/15/2004,1.918,2004,46
11/22/2004,1.901,2004,47
11/29/2004,1.903,2004,48
12/6/2004,1.868,2004,49
12/13/2004,1.799,2004,50
12/20/2004,1.777,2004,51
12/27/2004,1.754,2004,52
1/3/2005,1.745,2005,1
1/10/2005,1.771,2005,2
1/17/2005,1.802,2005,3
1/24/2005,1.839,2005,4
1/31/2005,1.896,2005,5
2/7/2005,1.89,2005,6
2/14/2005,1.873,2005,7
2/21/2005,1.878,2005,8
2/28/2005,1.904,2005,9
3/7/2005,1.979,2005,10
3/14/2005,2.039,2005,11
3/21/2005,2.095,2005,12
3/28/2005,2.137,2005,13
4/4/2005,2.196,2005,14
4/11/2005,2.251,2005,15
4/18/2005,2.198,2005,16
4/25/2005,2.197,2005,17
5/2/2005,2.191,2005,18
5/9/2005,2.137,2005,19
5/16/2005,2.116,2005,20
5/23/2005,2.077,2005,21
5/30/2005,2.051,2005,22
6/6/2005,2.078,2005,23
6/13/2005,2.099,2005,24
6/20/2005,2.128,2005,25
6/27/2005,2.186,2005,26
7/4/2005,2.189,2005,27
7/11/2005,2.292,2005,28
7/18/2005,2.272,2005,29
7/25/2005,2.235,2005,30
8/1/2005,2.239,2005,31
8/8/2005,2.323,2005,32
8/15/2005,2.519,2005,33
8/22/2005,2.583,2005,34
8/29/2005,2.581,2005,35
9/5/2005,3.037,2005,36
9/12/2005,2.912,2005,37
9/19/2005,2.73,2005,38
9/26/2005,2.767,2005,39
10/3/2005,2.922,2005,40
10/10/2005,2.828,2005,41
10/17/2005,2.693,2005,42
10/24/2005,2.564,2005,43
10/31/2005,2.438,2005,44
11/7/2005,2.336,2005,45
11/14/2005,2.258,2005,46
11/21/2005,2.168,2005,47
11/28/2005,2.124,2005,48
12/5/2005,2.127,2005,49
12/12/2005,2.175,2005,50
12/19/2005,2.205,2005,51
12/26/2005,2.188,2005,52
1/2/2006,2.236,2006,1
1/9/2006,2.321,2006,2
1/16/2006,2.297,2006,3
1/23/2006,2.314,2006,4
1/30/2006,2.332,2006,5
2/6/2006,2.31,2006,6
2/13/2006,2.246,2006,7
2/20/2006,2.205,2006,8
2/27/2006,2.236,2006,9
3/6/2006,2.321,2006,10
3/13/2006,2.355,2006,11
3/20/2006,2.495,2006,12
3/27/2006,2.479,2006,13
4/3/2006,2.567,2006,14
4/10/2006,2.663,2006,15
4/17/2006,2.764,2006,16
4/24/2006,2.881,2006,17
5/1/2006,2.866,2006,18
5/8/2006,2.834,2006,19
5/15/2006,2.871,2006,20
5/22/2006,2.801,2006,21
5/29/2006,2.784,2006,22
6/5/2006,2.811,2006,23
6/12/2006,2.833,2006,24
6/19/2006,2.793,2006,25
6/26/2006,2.796,2006,26
7/3/2006,2.873,2006,27
7/10/2006,2.91,2006,28
7/17/2006,2.928,2006,29
7/24/2006,2.95,2006,30
7/31/2006,2.955,2006,31
8/7/2006,3.004,2006,32
8/14/2006,2.958,2006,33
8/21/2006,2.877,2006,34
8/28/2006,2.8,2006,35
9/4/2006,2.68,2006,36
9/11/2006,2.563,2006,37
9/18/2006,2.441,2006,38
9/25/2006,2.32,2006,39
10/2/2006,2.263,2006,40
10/9/2006,2.222,2006,41
10/16/2006,2.195,2006,42
10/23/2006,2.186,2006,43
10/30/2006,2.204,2006,44
11/6/2006,2.189,2006,45
11/13/2006,2.216,2006,46
11/20/2006,2.218,2006,47
11/27/2006,2.221,2006,48
12/4/2006,2.277,2006,49
12/11/2006,2.267,2006,50
12/18/2006,2.29,2006,51
12/25/2006,2.303,2006,52
1/1/2007,2.296,2007,1
1/8/2007,2.258,2007,2
1/15/2007,2.173,2007,3
1/22/2007,2.107,2007,4
1/29/2007,2.119,2007,5
2/5/2007,2.151,2007,6
2/12/2007,2.198,2007,7
2/19/2007,2.251,2007,8
2/26/2007,2.338,2007,9
3/5/2007,2.46,2007,10
3/12/2007,2.499,2007,11
3/19/2007,2.511,2007,12
3/26/2007,2.54,2007,13
4/2/2007,2.636,2007,14
4/9/2007,2.746,2007,15
4/16/2007,2.822,2007,16
4/23/2007,2.811,2007,17
4/30/2007,2.922,2007,18
5/7/2007,3.002,2007,19
5/14/2007,3.069,2007,20
5/21/2007,3.211,2007,21
5/28/2007,3.195,2007,22
6/4/2007,3.132,2007,23
6/11/2007,3.04,2007,24
6/18/2007,2.974,2007,25
6/25/2007,2.951,2007,26
7/2/2007,2.933,2007,27
7/9/2007,2.971,2007,28
7/16/2007,3.046,2007,29
7/23/2007,2.938,2007,30
7/30/2007,2.849,2007,31
8/6/2007,2.816,2007,32
8/13/2007,2.752,2007,33
8/20/2007,2.783,2007,34
8/27/2007,2.756,2007,35
9/3/2007,2.818,2007,36
9/10/2007,2.84,2007,37
9/17/2007,2.792,2007,38
9/24/2007,2.816,2007,39
10/1/2007,2.784,2007,40
10/8/2007,2.761,2007,41
10/15/2007,2.746,2007,42
10/22/2007,2.806,2007,43
10/29/2007,2.859,2007,44
11/5/2007,3.007,2007,45
11/12/2007,3.101,2007,46
11/19/2007,3.077,2007,47
11/26/2007,3.072,2007,48
12/3/2007,3.029,2007,49
12/10/2007,2.957,2007,50
12/17/2007,2.962,2007,51
12/24/2007,2.943,2007,52
12/31/2007,3.028,2007,53
1/7/2008,3.088,2008,1
1/14/2008,3.041,2008,2
1/21/2008,2.991,2008,3
1/28/2008,2.953,2008,4
2/4/2008,2.966,2008,5
2/11/2008,2.947,2008,6
2/18/2008,3.035,2008,7
2/25/2008,3.115,2008,8
3/3/2008,3.137,2008,9
3/10/2008,3.2,2008,10
3/17/2008,3.257,2008,11
3/24/2008,3.224,2008,12
3/31/2008,3.259,2008,13
4/7/2008,3.299,2008,14
4/14/2008,3.35,2008,15
4/21/2008,3.467,2008,16
4/28/2008,3.566,2008,17
5/5/2008,3.571,2008,18
5/12/2008,3.694,2008,19
5/19/2008,3.762,2008,20
5/26/2008,3.913,2008,21
6/2/2008,3.932,2008,22
6/9/2008,3.979,2008,23
6/16/2008,4.007,2008,24
6/23/2008,4.002,2008,25
6/30/2008,4.027,2008,26
7/7/2008,4.051,2008,27
7/14/2008,4.054,2008,28
7/21/2008,4.005,2008,29
7/28/2008,3.896,2008,30
8/4/2008,3.828,2008,31
8/11/2008,3.764,2008,32
8/18/2008,3.706,2008,33
8/25/2008,3.66,2008,34
9/1/2008,3.667,2008,35
9/8/2008,3.637,2008,36
9/15/2008,3.867,2008,37
9/22/2008,3.732,2008,38
9/29/2008,3.644,2008,39
10/6/2008,3.485,2008,40
10/13/2008,3.109,2008,41
10/20/2008,2.855,2008,42
10/27/2008,2.589,2008,43
11/3/2008,2.34,2008,44
11/10/2008,2.17,2008,45
11/17/2008,2.027,2008,46
11/24/2008,1.857,2008,47
12/1/2008,1.79,2008,48
12/8/2008,1.681,2008,49
12/15/2008,1.648,2008,50
12/22/2008,1.635,2008,51
12/29/2008,1.59,2008,52
1/5/2009,1.672,2009,1
1/12/2009,1.772,2009,2
1/19/2009,1.832,2009,3
1/26/2009,1.813,2009,4
2/2/2009,1.871,2009,5
2/9/2009,1.897,2009,6
2/16/2009,1.931,2009,7
2/23/2009,1.868,2009,8
3/2/2009,1.91,2009,9
3/9/2009,1.918,2009,10
3/16/2009,1.885,2009,11
3/23/2009,1.944,2009,12
3/30/2009,2.03,2009,13
4/6/2009,2.011,2009,14
4/13/2009,2.025,2009,15
4/20/2009,2.031,2009,16
4/27/2009,2.016,2009,17
5/4/2009,2.045,2009,18
5/11/2009,2.218,2009,19
5/18/2009,2.281,2009,20
5/25/2009,2.414,2009,21
6/1/2009,2.502,2009,22
6/8/2009,2.6,2009,23
6/15/2009,2.639,2009,24
6/22/2009,2.65,2009,25
6/29/2009,2.593,2009,26
7/6/2009,2.563,2009,27
7/13/2009,2.479,2009,28
7/20/2009,2.411,2009,29
7/27/2009,2.46,2009,30
8/3/2009,2.511,2009,31
8/10/2009,2.596,2009,32
8/17/2009,2.58,2009,33
8/24/2009,2.572,2009,34
8/31/2009,2.553,2009,35
9/7/2009,2.519,2009,36
9/14/2009,2.499,2009,37
9/21/2009,2.477,2009,38
9/28/2009,2.425,2009,39
10/5/2009,2.396,2009,40
10/12/2009,2.432,2009,41
10/19/2009,2.532,2009,42
10/26/2009,2.641,2009,43
11/2/2009,2.66,2009,44
11/9/2009,2.627,2009,45
11/16/2009,2.585,2009,46
11/23/2009,2.603,2009,47
11/30/2009,2.594,2009,48
12/7/2009,2.601,2009,49
12/14/2009,2.56,2009,50
12/21/2009,2.546,2009,51
12/28/2009,2.564,2009,52
1/4/2010,2.627,2010,1
1/11/2010,2.717,2010,2
1/18/2010,2.703,2010,3
1/25/2010,2.666,2010,4
2/1/2010,2.618,2010,5
2/8/2010,2.611,2010,6
2/15/2010,2.563,2010,7
2/22/2010,2.621,2010,8
3/1/2010,2.671,2010,9
3/8/2010,2.721,2010,10
3/15/2010,2.76,2010,11
3/22/2010,2.792,2010,12
3/29/2010,2.765,2010,13
4/5/2010,2.795,2010,14
4/12/2010,2.829,2010,15
4/19/2010,2.831,2010,16
4/26/2010,2.815,2010,17
5/3/2010,2.864,2010,18
5/10/2010,2.87,2010,19
5/17/2010,2.823,2010,20
5/24/2010,2.741,2010,21
5/31/2010,2.679,2010,22
6/7/2010,2.674,2010,23
6/14/2010,2.652,2010,24
6/21/2010,2.696,2010,25
6/28/2010,2.712,2010,26
7/5/2010,2.676,2010,27
7/12/2010,2.666,2010,28
7/19/2010,2.672,2010,29
7/26/2010,2.703,2010,30
8/2/2010,2.687,2010,31
8/9/2010,2.74,2010,32
8/16/2010,2.696,2010,33
8/23/2010,2.653,2010,34
8/30/2010,2.64,2010,35
9/6/2010,2.647,2010,36
9/13/2010,2.695,2010,37
9/20/2010,2.703,2010,38
9/27/2010,2.668,2010,39
10/4/2010,2.705,2010,40
10/11/2010,2.793,2010,41
10/18/2010,2.795,2010,42
10/25/2010,2.772,2010,43
11/1/2010,2.76,2010,44
11/8/2010,2.832,2010,45
11/15/2010,2.849,2010,46
11/22/2010,2.828,2010,47
11/29/2010,2.805,2010,48
12/6/2010,2.917,2010,49
12/13/2010,2.937,2010,50
12/20/2010,2.934,2010,51
12/27/2010,3.015,2010,52
1/3/2011,3.034,2011,1
1/10/2011,3.052,2011,2
1/17/2011,3.068,2011,3
1/24/2011,3.074,2011,4
1/31/2011,3.061,2011,5
2/7/2011,3.094,2011,6
2/14/2011,3.095,2011,7
2/21/2011,3.141,2011,8
2/28/2011,3.341,2011,9
3/7/2011,3.473,2011,10
3/14/2011,3.517,2011,11
3/21/2011,3.507,2011,12
3/28/2011,3.538,2011,13
4/4/2011,3.635,2011,14
4/11/2011,3.743,2011,15
4/18/2011,3.787,2011,16
4/25/2011,3.817,2011,17
5/2/2011,3.906,2011,18
5/9/2011,3.907,2011,19
5/16/2011,3.905,2011,20
5/23/2011,3.788,2011,21
5/30/2011,3.741,2011,22
6/6/2011,3.738,2011,23
6/13/2011,3.664,2011,24
6/20/2011,3.597,2011,25
6/27/2011,3.513,2011,26
7/4/2011,3.534,2011,27
7/11/2011,3.608,2011,28
7/18/2011,3.648,2011,29
7/25/2011,3.667,2011,30
8/1/2011,3.684,2011,31
8/8/2011,3.646,2011,32
8/15/2011,3.576,2011,33
8/22/2011,3.552,2011,34
8/29/2011,3.601,2011,35
9/5/2011,3.643,2011,36
9/12/2011,3.629,2011,37
9/19/2011,3.56,2011,38
9/26/2011,3.461,2011,39
10/3/2011,3.381,2011,40
10/10/2011,3.368,2011,41
10/17/2011,3.431,2011,42
10/24/2011,3.415,2011,43
10/31/2011,3.405,2011,44
11/7/2011,3.37,2011,45
11/14/2011,3.388,2011,46
11/21/2011,3.312,2011,47
11/28/2011,3.248,2011,48
12/5/2011,3.24,2011,49
12/12/2011,3.244,2011,50
12/19/2011,3.183,2011,51
12/26/2011,3.213,2011,52
1/2/2012,3.254,2012,1
1/9/2012,3.333,2012,2
1/16/2012,3.342,2012,3
1/23/2012,3.333,2012,4
1/30/2012,3.386,2012,5
2/6/2012,3.436,2012,6
2/13/2012,3.466,2012,7
2/20/2012,3.523,2012,8
2/27/2012,3.641,2012,9
3/5/2012,3.717,2012,10
3/12/2012,3.747,2012,11
3/19/2012,3.787,2012,12
3/26/2012,3.843,2012,13
4/2/2012,3.874,2012,14
4/9/2012,3.877,2012,15
4/16/2012,3.867,2012,16
4/23/2012,3.805,2012,17
4/30/2012,3.764,2012,18
5/7/2012,3.718,2012,19
5/14/2012,3.658,2012,20
5/21/2012,3.622,2012,21
5/28/2012,3.575,2012,22
6/4/2012,3.518,2012,23
6/11/2012,3.489,2012,24
6/18/2012,3.473,2012,25
6/25/2012,3.378,2012,26
7/2/2012,3.291,2012,27
7/9/2012,3.357,2012,28
7/16/2012,3.364,2012,29
7/23/2012,3.435,2012,30
7/30/2012,3.45,2012,31
8/6/2012,3.606,2012,32
8/13/2012,3.662,2012,33
8/20/2012,3.682,2012,34
8/27/2012,3.722,2012,35
9/3/2012,3.797,2012,36
9/10/2012,3.799,2012,37
9/17/2012,3.832,2012,38
9/24/2012,3.775,2012,39
10/1/2012,3.75,2012,40
10/8/2012,3.742,2012,41
10/15/2012,3.713,2012,42
10/22/2012,3.582,2012,43
10/29/2012,3.48,2012,44
11/5/2012,3.406,2012,45
11/12/2012,3.372,2012,46
11/19/2012,3.36,2012,47
11/26/2012,3.382,2012,48
12/3/2012,3.337,2012,49
12/10/2012,3.297,2012,50
12/17/2012,3.198,2012,51
12/24/2012,3.205,2012,52
12/31/2012,3.245,2012,53
1/7/2013,3.233,2013,1
1/14/2013,3.236,2013,2
1/21/2013,3.254,2013,3
1/28/2013,3.296,2013,4
2/4/2013,3.471,2013,5
2/11/2013,3.537,2013,6
2/18/2013,3.69,2013,7
2/25/2013,3.722,2013,8
3/4/2013,3.698,2013,9
3/11/2013,3.644,2013,10
3/18/2013,3.633,2013,11
3/25/2013,3.616,2013,12
4/1/2013,3.572,2013,13
4/8/2013,3.539,2013,14
4/15/2013,3.469,2013,15
4/22/2013,3.472,2013,16
4/29/2013,3.455,2013,17
5/6/2013,3.478,2013,18
5/13/2013,3.543,2013,19
5/20/2013,3.636,2013,20
5/27/2013,3.601,2013,21
6/3/2013,3.61,2013,22
6/10/2013,3.619,2013,23
6/17/2013,3.577,2013,24
6/24/2013,3.498,2013,25
7/1/2013,3.41,2013,26
7/8/2013,3.413,2013,27
7/15/2013,3.57,2013,28
7/22/2013,3.612,2013,29
7/29/2013,3.57,2013,30
8/5/2013,3.566,2013,31
8/12/2013,3.493,2013,32
8/19/2013,3.496,2013,33
8/26/2013,3.504,2013,34
9/2/2013,3.575,2013,35
9/9/2013,3.54,2013,36
9/16/2013,3.475,2013,37
9/23/2013,3.425,2013,38
9/30/2013,3.354,2013,39
10/7/2013,3.298,2013,40
10/14/2013,3.296,2013,41
10/21/2013,3.31,2013,42
10/28/2013,3.235,2013,43
11/4/2013,3.209,2013,44
11/11/2013,3.133,2013,45
11/18/2013,3.161,2013,46
11/25/2013,3.241,2013,47
12/2/2013,3.209,2013,48
12/9/2013,3.208,2013,49
12/16/2013,3.165,2013,50
12/23/2013,3.198,2013,51
12/30/2013,3.264,2013,52
1/6/2014,3.261,2014,1
1/13/2014,3.267,2014,2
1/20/2014,3.24,2014,3
1/27/2014,3.241,2014,4
2/3/2014,3.243,2014,5
2/10/2014,3.257,2014,6
2/17/2014,3.326,2014,7
2/24/2014,3.394,2014,8
3/3/2014,3.421,2014,9
3/10/2014,3.452,2014,10
3/17/2014,3.489,2014,11
3/24/2014,3.487,2014,12
3/31/2014,3.521,2014,13
4/7/2014,3.533,2014,14
4/14/2014,3.581,2014,15
4/21/2014,3.612,2014,16
4/28/2014,3.635,2014,17
5/5/2014,3.606,2014,18
5/12/2014,3.597,2014,19
5/19/2014,3.593,2014,20
5/26/2014,3.607,2014,21
6/2/2014,3.624,2014,22
6/9/2014,3.61,2014,23
6/16/2014,3.621,2014,24
6/23/2014,3.639,2014,25
6/30/2014,3.635,2014,26
7/7/2014,3.605,2014,27
7/14/2014,3.56,2014,28
7/21/2014,3.523,2014,29
7/28/2014,3.468,2014,30
8/4/2014,3.449,2014,31
8/11/2014,3.447,2014,32
8/18/2014,3.408,2014,33
8/25/2014,3.397,2014,34
9/1/2014,3.41,2014,35
9/8/2014,3.406,2014,36
9/15/2014,3.352,2014,37
9/22/2014,3.296,2014,38
9/29/2014,3.304,2014,39
10/6/2014,3.246,2014,40
10/13/2014,3.147,2014,41
10/20/2014,3.07,2014,42
10/27/2014,3.016,2014,43
11/3/2014,2.956,2014,44
11/10/2014,2.907,2014,45
11/17/2014,2.856,2014,46
11/24/2014,2.781,2014,47
12/1/2014,2.738,2014,48
12/8/2014,2.634,2014,49
12/15/2014,2.499,2014,50
12/22/2014,2.341,2014,51
12/29/2014,2.229,2014,52
1/5/2015,2.136,2015,1
1/12/2015,2.066,2015,2
1/19/2015,1.999,2015,3
1/26/2015,1.982,2015,4
2/2/2015,2.013,2015,5
2/9/2015,2.133,2015,6
2/16/2015,2.206,2015,7
2/23/2015,2.256,2015,8
3/2/2015,2.36,2015,9
3/9/2015,2.367,2015,10
3/16/2015,2.339,2015,11
3/23/2015,2.347,2015,12
3/30/2015,2.348,2015,13
4/6/2015,2.315,2015,14
4/13/2015,2.317,2015,15
4/20/2015,2.393,2015,16
4/27/2015,2.451,2015,17
5/4/2015,2.517,2015,18
5/11/2015,2.547,2015,19
5/18/2015,2.604,2015,20
5/25/2015,2.642,2015,21
6/1/2015,2.656,2015,22
6/8/2015,2.668,2015,23
6/15/2015,2.744,2015,24
6/22/2015,2.72,2015,25
6/29/2015,2.713,2015,26
7/6/2015,2.702,2015,27
7/13/2015,2.694,2015,28
7/20/2015,2.661,2015,29
7/27/2015,2.605,2015,30
8/3/2015,2.555,2015,31
8/10/2015,2.505,2015,32
8/17/2015,2.608,2015,33
8/24/2015,2.534,2015,34
8/31/2015,2.406,2015,35
9/7/2015,2.337,2015,36
9/14/2015,2.28,2015,37
9/21/2015,2.237,2015,38
9/28/2015,2.246,2015,39
10/5/2015,2.252,2015,40
10/12/2015,2.283,2015,41
10/19/2015,2.22,2015,42
10/26/2015,2.166,2015,43
11/2/2015,2.17,2015,44
11/9/2015,2.172,2015,45
11/16/2015,2.11,2015,46
11/23/2015,2.015,2015,47
11/30/2015,1.974,2015,48
12/7/2015,1.969,2015,49
12/14/2015,1.953,2015,50
12/21/2015,1.929,2015,51
12/28/2015,1.933,2015,52
1/4/2016,1.922,2016,1
1/11/2016,1.888,2016,2
1/18/2016,1.81,2016,3
1/25/2016,1.752,2016,4
2/1/2016,1.729,2016,5
2/8/2016,1.663,2016,6
2/15/2016,1.638,2016,7
2/22/2016,1.661,2016,8
2/29/2016,1.715,2016,9
3/7/2016,1.782,2016,10
3/14/2016,1.888,2016,11
3/21/2016,1.935,2016,12
3/28/2016,1.976,2016,13
4/4/2016,1.994,2016,14
4/11/2016,1.981,2016,15
4/18/2016,2.053,2016,16
4/25/2016,2.08,2016,17
5/2/2016,2.168,2016,18
5/9/2016,2.143,2016,19
5/16/2016,2.17,2016,20
5/23/2016,2.235,2016,21
5/30/2016,2.281,2016,22
6/6/2016,2.328,2016,23
6/13/2016,2.343,2016,24
6/20/2016,2.29,2016,25
6/27/2016,2.25,2016,26
7/4/2016,2.205,2016,27
7/11/2016,2.171,2016,28
7/18/2016,2.148,2016,29
7/25/2016,2.105,2016,30
8/1/2016,2.091,2016,31
8/8/2016,2.087,2016,32
8/15/2016,2.096,2016,33
8/22/2016,2.136,2016,34
8/29/2016,2.187,2016,35
