Source: baseball-reference.com,,,,,,,,,,,,,,,,,,,,,,,,,,,,
,,,,,,,,,,,,,,,,,,,,,,,,,,,,
Team,League,Year,RS,RA,RD,W,OBP,SLG,BA,Playoffs,RankSeason,RankPlayoffs,G,OOBP,OSLG,,,,,,,,,,,,,
ARI,NL,2012,734,688,46,81,0.328,0.418,0.259,0,,,162,0.317,0.415,,,,,,,,,,,,,
ATL,NL,2012,700,600,100,94,0.32,0.389,0.247,1,4,5,162,0.306,0.378,,,0.96,,,,,,,,,,
BAL,AL,2012,712,705,7,93,0.311,0.417,0.247,1,5,4,162,0.315,0.403,,,,,,,,,,,,,
BOS,AL,2012,734,806,-72,69,0.315,0.415,0.26,0,,,162,0.331,0.428,,,,,,,,,,,,,
CHC,NL,2012,613,759,-146,61,0.302,0.378,0.24,0,,,162,0.335,0.424,,,,,,,,,,,,,
CHW,AL,2012,748,676,72,85,0.318,0.422,0.255,0,,,162,0.319,0.405,,,,,,,,,,,,,
CIN,NL,2012,669,588,81,97,0.315,0.411,0.251,1,2,4,162,0.305,0.39,,,,,,,,,,,,,
CLE,AL,2012,667,845,-178,68,0.324,0.381,0.251,0,,,162,0.336,0.43,,,,,,,,,,,,,
COL,NL,2012,758,890,-132,64,0.33,0.436,0.274,0,,,162,0.357,0.47,,,,,,,,,,,,,
DET,AL,2012,726,670,56,88,0.335,0.422,0.268,1,6,2,162,0.314,0.402,,,,,,,,,,,,,
HOU,NL,2012,583,794,-211,55,0.302,0.371,0.236,0,,,162,0.337,0.427,,,,,,,,,,,,,
KCR,AL,2012,676,746,-70,72,0.317,0.4,0.265,0,,,162,0.339,0.423,,,,,,,,,,,,,
LAA,AL,2012,767,699,68,89,0.332,0.433,0.274,0,,,162,0.31,0.403,,,,,,,,,,,,,
LAD,NL,2012,637,597,40,86,0.317,0.374,0.252,0,,,162,0.31,0.364,,,,,,,,,,,,,
MIA,NL,2012,609,724,-115,69,0.308,0.382,0.244,0,,,162,0.327,0.399,,,,,,,,,,,,,
MIL,NL,2012,776,733,43,83,0.325,0.437,0.259,0,,,162,0.326,0.414,,,,,,,,,,,,,
MIN,AL,2012,701,832,-131,66,0.325,0.39,0.26,0,,,162,0.333,0.442,,,,,,,,,,,,,
NYM,NL,2012,650,709,-59,74,0.316,0.386,0.249,0,,,162,0.315,0.401,,,,,,,,,,,,,
NYY,AL,2012,804,668,136,95,0.337,0.453,0.265,1,3,3,162,0.311,0.419,,,,,,,,,,,,,
OAK,AL,2012,713,614,99,94,0.31,0.404,0.238,1,4,4,162,0.306,0.378,,,,,,,,,,,,,
PHI,NL,2012,684,680,4,81,0.317,0.4,0.255,0,,,162,0.306,0.407,,,,,,,,,,,,,
PIT,NL,2012,651,674,-23,79,0.304,0.395,0.243,0,,,162,0.314,0.39,,,,,,,,,,,,,
SDP,NL,2012,651,710,-59,76,0.319,0.38,0.247,0,,,162,0.319,0.398,,,,,,,,,,,,,
SEA,AL,2012,619,651,-32,75,0.296,0.369,0.234,0,,,162,0.308,0.394,,,,,,,,,,,,,
SFG,NL,2012,718,649,69,94,0.327,0.397,0.269,1,4,1,162,0.313,0.393,,,,,,,,,,,,,
STL,NL,2012,765,648,117,88,0.338,0.421,0.271,1,6,3,162,0.313,0.387,,,,,,,,,,,,,
TBR,AL,2012,697,577,120,90,0.317,0.394,0.24,0,,,162,0.294,0.352,,,,,,,,,,,,,
TEX,AL,2012,808,707,101,93,0.334,0.446,0.273,1,5,5,162,0.309,0.408,,,,,,,,,,,,,
TOR,AL,2012,716,784,-68,73,0.309,0.407,0.245,0,,,162,0.335,0.438,,,,,,,,,,,,,
WSN,NL,2012,731,594,137,98,0.322,0.428,0.261,1,1,4,162,0.303,0.373,,,,,,,,,,,,,
ARI,NL,2011,731,662,69,94,0.322,0.413,0.25,1,5,4,162,0.316,0.409,,,,,,,,,,,,,
ATL,NL,2011,641,605,36,89,0.308,0.387,0.243,0,,,162,0.31,0.361,,,,,,,,,,,,,
BAL,AL,2011,708,860,-152,69,0.316,0.413,0.257,0,,,162,0.341,0.46,,,,,,,,,,,,,
BOS,AL,2011,875,737,138,90,0.349,0.461,0.28,0,,,162,0.322,0.392,,,,,,,,,,,,,
CHC,NL,2011,654,756,-102,71,0.314,0.401,0.256,0,,,162,0.335,0.413,,,,,,,,,,,,,
CHW,AL,2011,654,706,-52,79,0.319,0.388,0.252,0,,,162,0.317,0.397,,,,,,,,,,,,,
CIN,NL,2011,735,720,15,79,0.326,0.408,0.256,0,,,162,0.325,0.415,,,,,,,,,,,,,
CLE,AL,2011,704,760,-56,80,0.317,0.396,0.25,0,,,162,0.323,0.413,,,,,,,,,,,,,
COL,NL,2011,735,774,-39,73,0.329,0.41,0.258,0,,,162,0.331,0.431,,,,,,,,,,,,,
DET,AL,2011,787,711,76,95,0.34,0.434,0.277,1,4,3,162,0.321,0.396,,,,,,,,,,,,,
FLA,NL,2011,625,702,-77,72,0.318,0.388,0.247,0,,,162,0.316,0.401,,,,,,,,,,,,,
HOU,NL,2011,615,796,-181,56,0.311,0.374,0.258,0,,,162,0.337,0.432,,,,,,,,,,,,,
KCR,AL,2011,730,762,-32,71,0.329,0.415,0.275,0,,,162,0.337,0.425,,,,,,,,,,,,,
LAA,AL,2011,667,633,34,86,0.313,0.402,0.253,0,,,162,0.313,0.388,,,,,,,,,,,,,
LAD,NL,2011,644,612,32,82,0.322,0.375,0.257,0,,,161,0.31,0.371,,,,,,,,,,,,,
MIL,NL,2011,721,638,83,96,0.325,0.425,0.261,1,3,3,162,0.304,0.385,,,,,,,,,,,,,
MIN,AL,2011,619,804,-185,63,0.306,0.36,0.247,0,,,162,0.34,0.435,,,,,,,,,,,,,
NYM,NL,2011,718,742,-24,77,0.335,0.391,0.264,0,,,162,0.332,0.411,,,,,,,,,,,,,
NYY,AL,2011,867,657,210,97,0.343,0.444,0.263,1,2,4,162,0.322,0.399,,,,,,,,,,,,,
OAK,AL,2011,645,679,-34,74,0.311,0.369,0.244,0,,,162,0.317,0.378,,,,,,,,,,,,,
PHI,NL,2011,713,529,184,102,0.323,0.395,0.253,1,1,4,162,0.296,0.361,,,,,,,,,,,,,
PIT,NL,2011,610,712,-102,72,0.309,0.368,0.244,0,,,162,0.338,0.409,,,,,,,,,,,,,
SDP,NL,2011,593,611,-18,71,0.305,0.349,0.237,0,,,162,0.314,0.375,,,,,,,,,,,,,
SEA,AL,2011,556,675,-119,67,0.292,0.348,0.233,0,,,162,0.31,0.386,,,,,,,,,,,,,
SFG,NL,2011,570,578,-8,86,0.303,0.368,0.242,0,,,162,0.309,0.346,,,,,,,,,,,,,
STL,NL,2011,762,692,70,90,0.341,0.425,0.273,1,7,1,162,0.319,0.398,,,,,,,,,,,,,
TBR,AL,2011,707,614,93,91,0.322,0.402,0.244,1,6,4,162,0.303,0.383,,,,,,,,,,,,,
TEX,AL,2011,855,677,178,96,0.34,0.46,0.283,1,3,2,162,0.307,0.392,,,,,,,,,,,,,
TOR,AL,2011,743,761,-18,81,0.317,0.413,0.249,0,,,162,0.328,0.419,,,,,,,,,,,,,
WSN,NL,2011,624,643,-19,80,0.309,0.383,0.242,0,,,161,0.319,0.382,,,,,,,,,,,,,
ARI,NL,2010,713,836,-123,65,0.325,0.416,0.25,0,,,162,0.34,0.448,,,,,,,,,,,,,
ATL,NL,2010,738,629,109,91,0.339,0.401,0.258,1,6,4,162,0.314,0.376,,,,,,,,,,,,,
BAL,AL,2010,613,785,-172,66,0.316,0.386,0.259,0,,,162,0.336,0.434,,,,,,,,,,,,,
BOS,AL,2010,818,744,74,89,0.339,0.451,0.268,0,,,162,0.327,0.399,,,,,,,,,,,,,
CHC,NL,2010,685,767,-82,75,0.32,0.401,0.257,0,,,162,0.334,0.398,,,,,,,,,,,,,
CHW,AL,2010,752,704,48,88,0.332,0.42,0.268,0,,,162,0.325,0.395,,,,,,,,,,,,,
CIN,NL,2010,790,685,105,91,0.338,0.436,0.272,1,6,4,162,0.323,0.396,,,,,,,,,,,,,
CLE,AL,2010,646,752,-106,69,0.322,0.378,0.248,0,,,162,0.342,0.416,,,,,,,,,,,,,
COL,NL,2010,770,717,53,83,0.336,0.425,0.263,0,,,162,0.326,0.397,,,,,,,,,,,,,
DET,AL,2010,751,743,8,81,0.335,0.415,0.268,0,,,162,0.332,0.4,,,,,,,,,,,,,
FLA,NL,2010,719,717,2,80,0.321,0.403,0.254,0,,,162,0.331,0.398,,,,,,,,,,,,,
HOU,NL,2010,611,729,-118,76,0.303,0.362,0.247,0,,,162,0.33,0.402,,,,,,,,,,,,,
KCR,AL,2010,676,845,-169,67,0.331,0.399,0.274,0,,,162,0.342,0.435,,,,,,,,,,,,,
LAA,AL,2010,681,702,-21,80,0.311,0.39,0.248,0,,,162,0.327,0.403,,,,,,,,,,,,,
LAD,NL,2010,667,692,-25,80,0.322,0.379,0.252,0,,,162,0.316,0.378,,,,,,,,,,,,,
MIL,NL,2010,750,804,-54,77,0.335,0.424,0.262,0,,,162,0.338,0.427,,,,,,,,,,,,,
MIN,AL,2010,781,671,110,94,0.341,0.422,0.273,1,4,4,162,0.317,0.417,,,,,,,,,,,,,
NYM,NL,2010,656,652,4,79,0.314,0.383,0.249,0,,,162,0.33,0.394,,,,,,,,,,,,,
NYY,AL,2010,859,693,166,95,0.35,0.436,0.267,1,3,3,162,0.322,0.399,,,,,,,,,,,,,
OAK,AL,2010,663,626,37,81,0.324,0.378,0.256,0,,,162,0.313,0.379,,,,,,,,,,,,,
PHI,NL,2010,772,640,132,97,0.332,0.413,0.26,1,1,3,162,0.311,0.405,,,,,,,,,,,,,
PIT,NL,2010,587,866,-279,57,0.304,0.373,0.242,0,,,162,0.348,0.449,,,,,,,,,,,,,
SDP,NL,2010,665,581,84,90,0.317,0.371,0.246,0,,,162,0.308,0.368,,,,,,,,,,,,,
SEA,AL,2010,513,698,-185,61,0.298,0.339,0.236,0,,,162,0.313,0.401,,,,,,,,,,,,,
SFG,NL,2010,697,583,114,92,0.321,0.408,0.257,1,5,1,162,0.313,0.37,,,,,,,,,,,,,
STL,NL,2010,736,641,95,86,0.332,0.402,0.263,0,,,162,0.319,0.387,,,,,,,,,,,,,
TBR,AL,2010,802,649,153,96,0.333,0.403,0.247,1,2,4,162,0.308,0.404,,,,,,,,,,,,,
TEX,AL,2010,787,687,100,90,0.338,0.419,0.276,1,7,2,162,0.319,0.39,,,,,,,,,,,,,
TOR,AL,2010,755,728,27,85,0.312,0.454,0.248,0,,,162,0.326,0.405,,,,,,,,,,,,,
WSN,NL,2010,655,742,-87,69,0.318,0.39,0.25,0,,,162,0.33,0.41,,,,,,,,,,,,,
ARI,NL,2009,720,782,-62,70,0.324,0.418,0.253,0,,,162,0.33,0.419,,,,,,,,,,,,,
ATL,NL,2009,735,641,94,86,0.339,0.405,0.263,0,,,162,0.323,0.39,,,,,,,,,,,,,
BAL,AL,2009,741,876,-135,64,0.332,0.415,0.268,0,,,162,0.353,0.476,,,,,,,,,,,,,
BOS,AL,2009,872,736,136,95,0.352,0.454,0.27,1,3,4,162,0.335,0.422,,,,,,,,,,,,,
CHC,NL,2009,707,672,35,83,0.332,0.407,0.255,0,,,161,0.324,0.391,,,,,,,,,,,,,
CHW,AL,2009,724,732,-8,79,0.329,0.411,0.258,0,,,162,0.325,0.414,,,,,,,,,,,,,
CIN,NL,2009,673,723,-50,78,0.318,0.394,0.247,0,,,162,0.333,0.418,,,,,,,,,,,,,
CLE,AL,2009,773,865,-92,65,0.339,0.417,0.264,0,,,162,0.351,0.443,,,,,,,,,,,,,
COL,NL,2009,804,715,89,92,0.343,0.441,0.261,1,5,4,162,0.328,0.405,,,,,,,,,,,,,
DET,AL,2009,743,745,-2,86,0.331,0.416,0.26,0,,,163,0.336,0.422,,,,,,,,,,,,,
FLA,NL,2009,772,766,6,87,0.34,0.416,0.268,0,,,162,0.333,0.408,,,,,,,,,,,,,
HOU,NL,2009,643,770,-127,74,0.319,0.4,0.26,0,,,162,0.344,0.44,,,,,,,,,,,,,
KCR,AL,2009,686,842,-156,65,0.318,0.405,0.259,0,,,162,0.343,0.422,,,,,,,,,,,,,
LAA,AL,2009,883,761,122,97,0.35,0.441,0.285,1,2,3,162,0.338,0.432,,,,,,,,,,,,,
LAD,NL,2009,780,611,169,95,0.346,0.412,0.27,1,3,3,162,0.312,0.361,,,,,,,,,,,,,
MIL,NL,2009,785,818,-33,80,0.341,0.426,0.263,0,,,162,0.345,0.45,,,,,,,,,,,,,
MIN,AL,2009,817,765,52,87,0.345,0.429,0.274,1,7,4,163,0.331,0.431,,,,,,,,,,,,,
NYM,NL,2009,671,757,-86,70,0.335,0.394,0.27,0,,,162,0.342,0.418,,,,,,,,,,,,,
NYY,AL,2009,915,753,162,103,0.362,0.478,0.283,1,1,1,162,0.327,0.408,,,,,,,,,,,,,
OAK,AL,2009,759,761,-2,75,0.328,0.397,0.262,0,,,162,0.329,0.413,,,,,,,,,,,,,
PHI,NL,2009,820,709,111,93,0.334,0.447,0.258,1,4,2,162,0.329,0.427,,,,,,,,,,,,,
PIT,NL,2009,636,768,-132,62,0.318,0.387,0.252,0,,,161,0.346,0.442,,,,,,,,,,,,,
SDP,NL,2009,638,769,-131,75,0.321,0.381,0.242,0,,,162,0.333,0.406,,,,,,,,,,,,,
SEA,AL,2009,640,692,-52,85,0.314,0.402,0.258,0,,,162,0.316,0.394,,,,,,,,,,,,,
SFG,NL,2009,657,611,46,88,0.309,0.389,0.257,0,,,162,0.314,0.372,,,,,,,,,,,,,
STL,NL,2009,730,640,90,91,0.332,0.415,0.263,1,6,4,162,0.319,0.386,,,,,,,,,,,,,
TBR,AL,2009,803,754,49,84,0.343,0.439,0.263,0,,,162,0.324,0.417,,,,,,,,,,,,,
TEX,AL,2009,784,740,44,87,0.32,0.445,0.26,0,,,162,0.331,0.416,,,,,,,,,,,,,
TOR,AL,2009,798,771,27,75,0.333,0.44,0.266,0,,,162,0.339,0.434,,,,,,,,,,,,,
WSN,NL,2009,710,874,-164,59,0.337,0.406,0.258,0,,,162,0.352,0.45,,,,,,,,,,,,,
ARI,NL,2008,720,706,14,82,0.327,0.415,0.251,0,,,162,0.318,0.398,,,,,,,,,,,,,
ATL,NL,2008,753,778,-25,72,0.345,0.408,0.27,0,,,162,0.336,0.423,,,,,,,,,,,,,
BAL,AL,2008,782,869,-87,68,0.333,0.429,0.267,0,,,161,0.361,0.435,,,,,,,,,,,,,
BOS,AL,2008,845,694,151,95,0.358,0.447,0.28,1,3,3,162,0.323,0.39,,,,,,,,,,,,,
CHC,NL,2008,855,671,184,97,0.354,0.443,0.278,1,2,4,161,0.316,0.395,,,,,,,,,,,,,
CHW,AL,2008,811,729,82,89,0.332,0.448,0.263,1,6,4,163,0.32,0.41,,,,,,,,,,,,,
CIN,NL,2008,704,800,-96,74,0.321,0.408,0.247,0,,,162,0.345,0.45,,,,,,,,,,,,,
CLE,AL,2008,805,761,44,81,0.339,0.424,0.262,0,,,162,0.33,0.424,,,,,,,,,,,,,
COL,NL,2008,747,822,-75,74,0.336,0.415,0.263,0,,,162,0.344,0.431,,,,,,,,,,,,,
DET,AL,2008,821,857,-36,74,0.34,0.444,0.271,0,,,162,0.353,0.437,,,,,,,,,,,,,
FLA,NL,2008,770,767,3,84,0.326,0.433,0.254,0,,,161,0.333,0.407,,,,,,,,,,,,,
HOU,NL,2008,712,743,-31,86,0.323,0.415,0.263,0,,,161,0.328,0.44,,,,,,,,,,,,,
KCR,AL,2008,691,781,-90,75,0.32,0.397,0.269,0,,,162,0.328,0.415,,,,,,,,,,,,,
LAA,AL,2008,765,697,68,100,0.33,0.413,0.268,1,1,4,162,0.323,0.406,,,,,,,,,,,,,
LAD,NL,2008,700,648,52,84,0.333,0.399,0.264,1,7,3,162,0.315,0.376,,,,,,,,,,,,,
MIL,NL,2008,750,689,61,90,0.325,0.431,0.253,1,5,4,162,0.323,0.406,,,,,,,,,,,,,
MIN,AL,2008,829,745,84,88,0.34,0.408,0.279,0,,,163,0.324,0.431,,,,,,,,,,,,,
NYM,NL,2008,799,715,84,89,0.34,0.42,0.266,0,,,162,0.331,0.397,,,,,,,,,,,,,
NYY,AL,2008,789,727,62,89,0.342,0.427,0.271,0,,,162,0.329,0.405,,,,,,,,,,,,,
OAK,AL,2008,646,690,-44,75,0.318,0.369,0.242,0,,,161,0.328,0.392,,,,,,,,,,,,,
PHI,NL,2008,799,680,119,92,0.332,0.438,0.255,1,4,1,162,0.329,0.41,,,,,,,,,,,,,
PIT,NL,2008,735,884,-149,67,0.32,0.403,0.258,0,,,162,0.362,0.454,,,,,,,,,,,,,
SDP,NL,2008,637,764,-127,63,0.317,0.39,0.25,0,,,162,0.332,0.409,,,,,,,,,,,,,
SEA,AL,2008,671,811,-140,61,0.318,0.389,0.265,0,,,162,0.351,0.433,,,,,,,,,,,,,
SFG,NL,2008,640,759,-119,72,0.321,0.382,0.262,0,,,162,0.341,0.404,,,,,,,,,,,,,
STL,NL,2008,779,725,54,86,0.35,0.433,0.281,0,,,162,0.332,0.431,,,,,,,,,,,,,
TBR,AL,2008,774,671,103,97,0.34,0.422,0.26,1,2,2,162,0.314,0.4,,,,,,,,,,,,,
TEX,AL,2008,901,967,-66,79,0.354,0.462,0.283,0,,,162,0.362,0.455,,,,,,,,,,,,,
TOR,AL,2008,714,610,104,86,0.331,0.399,0.264,0,,,162,0.309,0.38,,,,,,,,,,,,,
WSN,NL,2008,641,825,-184,59,0.323,0.373,0.251,0,,,161,0.343,0.436,,,,,,,,,,,,,
ARI,NL,2007,712,732,-20,90,0.321,0.413,0.25,1,3,3,162,0.334,0.42,,,,,,,,,,,,,
ATL,NL,2007,810,733,77,84,0.339,0.435,0.275,0,,,162,0.327,0.415,,,,,,,,,,,,,
BAL,AL,2007,756,868,-112,69,0.333,0.412,0.272,0,,,162,0.354,0.412,,,,,,,,,,,,,
BOS,AL,2007,867,657,210,96,0.362,0.444,0.279,1,1,1,162,0.314,0.392,,,,,,,,,,,,,
CHC,NL,2007,752,690,62,85,0.333,0.422,0.271,1,5,4,162,0.322,0.399,,,,,,,,,,,,,
CHW,AL,2007,693,839,-146,72,0.318,0.404,0.246,0,,,162,0.338,0.435,,,,,,,,,,,,,
CIN,NL,2007,783,853,-70,72,0.335,0.436,0.267,0,,,162,0.343,0.456,,,,,,,,,,,,,
CLE,AL,2007,811,704,107,96,0.343,0.428,0.268,1,1,3,162,0.322,0.407,,,,,,,,,,,,,
COL,NL,2007,860,758,102,90,0.354,0.437,0.28,1,3,2,163,0.33,0.423,,,,,,,,,,,,,
DET,AL,2007,887,797,90,88,0.345,0.458,0.287,0,,,162,0.338,0.427,,,,,,,,,,,,,
FLA,NL,2007,790,891,-101,71,0.336,0.448,0.267,0,,,162,0.364,0.442,,,,,,,,,,,,,
HOU,NL,2007,723,813,-90,73,0.33,0.412,0.26,0,,,162,0.337,0.454,,,,,,,,,,,,,
KCR,AL,2007,706,778,-72,69,0.322,0.388,0.261,0,,,162,0.339,0.445,,,,,,,,,,,,,
LAA,AL,2007,822,731,91,94,0.345,0.417,0.284,1,2,4,162,0.328,0.412,,,,,,,,,,,,,
LAD,NL,2007,735,727,8,82,0.337,0.406,0.275,0,,,162,0.326,0.399,,,,,,,,,,,,,
MIL,NL,2007,801,776,25,83,0.329,0.456,0.262,0,,,162,0.333,0.422,,,,,,,,,,,,,
MIN,AL,2007,718,725,-7,79,0.33,0.391,0.264,0,,,162,0.324,0.431,,,,,,,,,,,,,
NYM,NL,2007,804,750,54,88,0.342,0.432,0.275,0,,,162,0.329,0.409,,,,,,,,,,,,,
NYY,AL,2007,968,777,191,94,0.366,0.463,0.29,1,2,4,162,0.34,0.417,,,,,,,,,,,,,
OAK,AL,2007,741,758,-17,76,0.338,0.407,0.256,0,,,162,0.329,0.404,,,,,,,,,,,,,
PHI,NL,2007,892,821,71,89,0.354,0.458,0.274,1,4,4,162,0.346,0.451,,,,,,,,,,,,,
PIT,NL,2007,724,846,-122,68,0.325,0.411,0.263,0,,,162,0.352,0.447,,,,,,,,,,,,,
SDP,NL,2007,741,666,75,89,0.322,0.411,0.251,0,,,163,0.311,0.374,,,,,,,,,,,,,
SEA,AL,2007,794,813,-19,88,0.337,0.425,0.287,0,,,162,0.349,0.431,,,,,,,,,,,,,
SFG,NL,2007,683,720,-37,71,0.322,0.387,0.254,0,,,162,0.334,0.405,,,,,,,,,,,,,
STL,NL,2007,725,829,-104,78,0.337,0.405,0.274,0,,,162,0.336,0.431,,,,,,,,,,,,,
TBD,AL,2007,782,944,-162,66,0.336,0.433,0.268,0,,,162,0.358,0.467,,,,,,,,,,,,,
TEX,AL,2007,816,844,-28,75,0.328,0.426,0.263,0,,,162,0.356,0.423,,,,,,,,,,,,,
TOR,AL,2007,753,699,54,83,0.327,0.419,0.259,0,,,162,0.315,0.391,,,,,,,,,,,,,
WSN,NL,2007,673,783,-110,73,0.325,0.39,0.256,0,,,162,0.339,0.433,,,,,,,,,,,,,
ARI,NL,2006,773,788,-15,76,0.331,0.424,0.267,0,,,162,0.335,0.431,,,,,,,,,,,,,
ATL,NL,2006,849,805,44,79,0.337,0.455,0.27,0,,,162,0.343,0.438,,,,,,,,,,,,,
BAL,AL,2006,768,899,-131,70,0.339,0.424,0.277,0,,,162,0.357,0.462,,,,,,,,,,,,,
BOS,AL,2006,820,825,-5,86,0.351,0.435,0.269,0,,,162,0.343,0.447,,,,,,,,,,,,,
CHC,NL,2006,716,834,-118,66,0.319,0.422,0.268,0,,,162,0.342,0.431,,,,,,,,,,,,,
CHW,AL,2006,868,794,74,90,0.342,0.464,0.28,0,,,162,0.326,0.44,,,,,,,,,,,,,
CIN,NL,2006,749,801,-52,80,0.336,0.432,0.257,0,,,162,0.337,0.457,,,,,,,,,,,,,
CLE,AL,2006,870,782,88,78,0.349,0.457,0.28,0,,,162,0.335,0.431,,,,,,,,,,,,,
COL,NL,2006,813,812,1,76,0.341,0.433,0.27,0,,,162,0.346,0.438,,,,,,,,,,,,,
DET,AL,2006,822,675,147,95,0.329,0.449,0.274,1,3,2,162,0.321,0.405,,,,,,,,,,,,,
FLA,NL,2006,758,772,-14,78,0.331,0.435,0.264,0,,,162,0.347,0.423,,,,,,,,,,,,,
HOU,NL,2006,735,719,16,82,0.332,0.409,0.255,0,,,162,0.319,0.421,,,,,,,,,,,,,
KCR,AL,2006,757,971,-214,62,0.332,0.411,0.271,0,,,162,0.367,0.476,,,,,,,,,,,,,
LAA,AL,2006,766,732,34,89,0.334,0.425,0.274,0,,,162,0.316,0.402,,,,,,,,,,,,,
LAD,NL,2006,820,751,69,88,0.348,0.432,0.276,1,5,4,162,0.33,0.418,,,,,,,,,,,,,
MIL,NL,2006,730,833,-103,75,0.327,0.42,0.258,0,,,162,0.333,0.438,,,,,,,,,,,,,
MIN,AL,2006,801,683,118,96,0.347,0.425,0.287,1,2,4,162,0.312,0.423,,,,,,,,,,,,,
NYM,NL,2006,834,731,103,97,0.334,0.445,0.264,1,1,3,162,0.323,0.407,,,,,,,,,,,,,
NYY,AL,2006,930,767,163,97,0.363,0.461,0.285,1,1,4,162,0.326,0.413,,,,,,,,,,,,,
OAK,AL,2006,771,727,44,93,0.34,0.412,0.26,1,4,3,162,0.338,0.422,,,,,,,,,,,,,
PHI,NL,2006,865,812,53,85,0.347,0.447,0.267,0,,,162,0.339,0.46,,,,,,,,,,,,,
PIT,NL,2006,691,797,-106,67,0.327,0.397,0.263,0,,,162,0.357,0.431,,,,,,,,,,,,,
SDP,NL,2006,731,679,52,88,0.332,0.416,0.263,1,5,4,162,0.312,0.404,,,,,,,,,,,,,
SEA,AL,2006,756,792,-36,78,0.325,0.424,0.272,0,,,162,0.337,0.432,,,,,,,,,,,,,
SFG,NL,2006,746,790,-44,76,0.324,0.422,0.259,0,,,161,0.337,0.415,,,,,,,,,,,,,
STL,NL,2006,781,762,19,83,0.337,0.431,0.269,1,6,1,161,0.337,0.443,,,,,,,,,,,,,
TBD,AL,2006,689,856,-167,61,0.314,0.42,0.255,0,,,162,0.358,0.452,,,,,,,,,,,,,
TEX,AL,2006,835,784,51,80,0.338,0.446,0.278,0,,,162,0.341,0.424,,,,,,,,,,,,,
TOR,AL,2006,809,754,55,87,0.348,0.463,0.284,0,,,162,0.328,0.422,,,,,,,,,,,,,
WSN,NL,2006,746,872,-126,71,0.338,0.418,0.262,0,,,162,0.349,0.447,,,,,,,,,,,,,
ARI,NL,2005,696,856,-160,77,0.332,0.421,0.256,0,,,162,0.345,0.455,,,,,,,,,,,,,
ATL,NL,2005,769,674,95,90,0.333,0.435,0.265,1,4,4,162,0.333,0.406,,,,,,,,,,,,,
BAL,AL,2005,729,800,-71,74,0.327,0.434,0.269,0,,,162,0.336,0.416,,,,,,,,,,,,,
BOS,AL,2005,910,805,105,95,0.357,0.454,0.281,1,3,4,162,0.335,0.441,,,,,,,,,,,,,
CHC,NL,2005,703,714,-11,79,0.324,0.44,0.27,0,,,162,0.325,0.407,,,,,,,,,,,,,
CHW,AL,2005,741,645,96,99,0.322,0.425,0.262,1,2,1,162,0.31,0.397,,,,,,,,,,,,,
CIN,NL,2005,820,889,-69,73,0.339,0.446,0.261,0,,,163,0.352,0.483,,,,,,,,,,,,,
CLE,AL,2005,790,642,148,93,0.334,0.453,0.271,0,,,162,0.302,0.387,,,,,,,,,,,,,
COL,NL,2005,740,862,-122,67,0.333,0.411,0.267,0,,,162,0.362,0.457,,,,,,,,,,,,,
DET,AL,2005,723,787,-64,71,0.321,0.428,0.272,0,,,162,0.33,0.436,,,,,,,,,,,,,
FLA,NL,2005,717,732,-15,83,0.339,0.409,0.272,0,,,162,0.339,0.402,,,,,,,,,,,,,
HOU,NL,2005,693,609,84,89,0.322,0.408,0.256,1,5,2,163,0.308,0.389,,,,,,,,,,,,,
KCR,AL,2005,701,935,-234,56,0.32,0.396,0.263,0,,,162,0.362,0.463,,,,,,,,,,,,,
LAA,AL,2005,761,643,118,95,0.325,0.409,0.27,1,3,3,162,0.312,0.401,,,,,,,,,,,,,
LAD,NL,2005,685,755,-70,71,0.326,0.395,0.253,0,,,162,0.327,0.429,,,,,,,,,,,,,
MIL,NL,2005,726,697,29,81,0.331,0.423,0.259,0,,,162,0.324,0.408,,,,,,,,,,,,,
MIN,AL,2005,688,662,26,83,0.323,0.391,0.259,0,,,162,0.307,0.408,,,,,,,,,,,,,
NYM,NL,2005,722,648,74,83,0.322,0.416,0.258,0,,,162,0.321,0.387,,,,,,,,,,,,,
NYY,AL,2005,886,789,97,95,0.355,0.45,0.276,1,3,4,162,0.332,0.422,,,,,,,,,,,,,
OAK,AL,2005,772,658,114,88,0.33,0.407,0.262,0,,,162,0.311,0.382,,,,,,,,,,,,,
PHI,NL,2005,807,726,81,88,0.348,0.423,0.27,0,,,162,0.32,0.426,,,,,,,,,,,,,
PIT,NL,2005,680,769,-89,67,0.322,0.4,0.259,0,,,162,0.344,0.424,,,,,,,,,,,,,
SDP,NL,2005,684,726,-42,82,0.333,0.391,0.257,1,6,4,162,0.322,0.408,,,,,,,,,,,,,
SEA,AL,2005,699,751,-52,69,0.317,0.391,0.256,0,,,162,0.332,0.422,,,,,,,,,,,,,
SFG,NL,2005,649,745,-96,75,0.319,0.396,0.261,0,,,162,0.336,0.412,,,,,,,,,,,,,
STL,NL,2005,805,634,171,100,0.339,0.423,0.27,1,1,3,162,0.318,0.398,,,,,,,,,,,,,
TBD,AL,2005,750,936,-186,67,0.329,0.425,0.274,0,,,162,0.355,0.455,,,,,,,,,,,,,
TEX,AL,2005,865,858,7,79,0.329,0.468,0.267,0,,,162,0.343,0.428,,,,,,,,,,,,,
TOR,AL,2005,775,705,70,80,0.331,0.407,0.265,0,,,162,0.324,0.418,,,,,,,,,,,,,
WSN,NL,2005,639,673,-34,81,0.322,0.386,0.252,0,,,162,0.333,0.396,,,,,,,,,,,,,
ANA,AL,2004,836,734,102,92,0.341,0.429,0.282,1,6,4,162,0.326,0.415,,,,,,,,,,,,,
ARI,NL,2004,615,899,-284,51,0.31,0.393,0.253,0,,,162,0.35,0.439,,,,,,,,,,,,,
ATL,NL,2004,803,668,135,96,0.343,0.434,0.27,1,4,4,162,0.329,0.4,,,,,,,,,,,,,
BAL,AL,2004,842,830,12,78,0.345,0.432,0.281,0,,,162,0.348,0.404,,,,,,,,,,,,,
BOS,AL,2004,949,768,181,98,0.36,0.472,0.282,1,3,1,162,0.318,0.408,,,,,,,,,,,,,
CHC,NL,2004,789,665,124,89,0.328,0.458,0.268,0,,,162,0.321,0.395,,,,,,,,,,,,,
CHW,AL,2004,865,831,34,83,0.333,0.457,0.268,0,,,162,0.338,0.453,,,,,,,,,,,,,
CIN,NL,2004,750,907,-157,76,0.331,0.418,0.25,0,,,162,0.348,0.481,,,,,,,,,,,,,
CLE,AL,2004,858,857,1,80,0.351,0.444,0.276,0,,,162,0.342,0.445,,,,,,,,,,,,,
COL,NL,2004,833,923,-90,68,0.345,0.455,0.275,0,,,162,0.372,0.471,,,,,,,,,,,,,
DET,AL,2004,827,844,-17,72,0.337,0.449,0.272,0,,,162,0.34,0.441,,,,,,,,,,,,,
FLA,NL,2004,718,700,18,83,0.329,0.406,0.264,0,,,162,0.324,0.412,,,,,,,,,,,,,
HOU,NL,2004,803,698,105,92,0.342,0.436,0.267,1,6,3,162,0.328,0.417,,,,,,,,,,,,,
KCR,AL,2004,720,905,-185,58,0.322,0.397,0.259,0,,,162,0.352,0.476,,,,,,,,,,,,,
LAD,NL,2004,761,684,77,93,0.332,0.423,0.262,1,5,4,162,0.323,0.408,,,,,,,,,,,,,
MIL,NL,2004,634,757,-123,67,0.321,0.387,0.248,0,,,161,0.32,0.417,,,,,,,,,,,,,
MIN,AL,2004,780,715,65,92,0.332,0.431,0.266,1,6,4,162,0.323,0.406,,,,,,,,,,,,,
MON,NL,2004,635,769,-134,67,0.313,0.392,0.249,0,,,162,0.342,0.431,,,,,,,,,,,,,
NYM,NL,2004,684,731,-47,71,0.317,0.409,0.249,0,,,162,0.335,0.405,,,,,,,,,,,,,
NYY,AL,2004,897,808,89,101,0.353,0.458,0.268,1,2,3,162,0.328,0.432,,,,,,,,,,,,,
OAK,AL,2004,793,742,51,91,0.343,0.433,0.27,0,,,162,0.332,0.409,,,,,,,,,,,,,
PHI,NL,2004,840,781,59,86,0.345,0.443,0.267,0,,,162,0.33,0.448,,,,,,,,,,,,,
PIT,NL,2004,680,744,-64,72,0.321,0.401,0.26,0,,,161,0.342,0.416,,,,,,,,,,,,,
SDP,NL,2004,768,705,63,87,0.342,0.414,0.273,0,,,162,0.318,0.431,,,,,,,,,,,,,
SEA,AL,2004,698,823,-125,63,0.331,0.396,0.27,0,,,162,0.338,0.441,,,,,,,,,,,,,
SFG,NL,2004,850,770,80,91,0.357,0.438,0.27,0,,,162,0.332,0.423,,,,,,,,,,,,,
STL,NL,2004,855,659,196,105,0.344,0.46,0.278,1,1,2,162,0.313,0.403,,,,,,,,,,,,,
TBD,AL,2004,714,842,-128,70,0.32,0.405,0.258,0,,,161,0.342,0.438,,,,,,,,,,,,,
TEX,AL,2004,860,794,66,89,0.329,0.457,0.266,0,,,162,0.344,0.432,,,,,,,,,,,,,
TOR,AL,2004,719,823,-104,67,0.328,0.403,0.26,0,,,161,0.348,0.434,,,,,,,,,,,,,
ANA,AL,2003,736,743,-7,77,0.33,0.413,0.268,0,,,162,0.327,0.421,,,,,,,,,,,,,
ARI,NL,2003,717,685,32,84,0.33,0.417,0.263,0,,,162,0.322,0.388,,,,,,,,,,,,,
ATL,NL,2003,907,740,167,101,0.349,0.475,0.284,1,1,4,162,0.327,0.401,,,,,,,,,,,,,
BAL,AL,2003,743,820,-77,71,0.323,0.405,0.268,0,,,163,0.346,0.446,,,,,,,,,,,,,
BOS,AL,2003,961,809,152,95,0.36,0.491,0.289,1,4,3,162,0.327,0.415,,,,,,,,,,,,,
CHC,NL,2003,724,683,41,88,0.323,0.416,0.259,1,7,3,162,0.324,0.372,,,,,,,,,,,,,
CHW,AL,2003,791,715,76,86,0.331,0.446,0.263,0,,,162,0.322,0.404,,,,,,,,,,,,,
CIN,NL,2003,694,886,-192,69,0.318,0.395,0.245,0,,,162,0.349,0.463,,,,,,,,,,,,,
CLE,AL,2003,699,778,-79,68,0.316,0.401,0.254,0,,,162,0.329,0.426,,,,,,,,,,,,,
COL,NL,2003,853,892,-39,74,0.344,0.445,0.267,0,,,162,0.359,0.47,,,,,,,,,,,,,
DET,AL,2003,591,928,-337,43,0.3,0.375,0.24,0,,,162,0.352,0.461,,,,,,,,,,,,,
FLA,NL,2003,751,692,59,91,0.333,0.421,0.266,1,5,1,162,0.325,0.396,,,,,,,,,,,,,
HOU,NL,2003,805,677,128,87,0.336,0.431,0.263,0,,,162,0.326,0.397,,,,,,,,,,,,,
KCR,AL,2003,836,867,-31,83,0.336,0.427,0.274,0,,,162,0.348,0.45,,,,,,,,,,,,,
LAD,NL,2003,574,556,18,85,0.303,0.368,0.243,0,,,162,0.306,0.354,,,,,,,,,,,,,
MIL,NL,2003,714,873,-159,68,0.329,0.419,0.256,0,,,162,0.348,0.462,,,,,,,,,,,,,
MIN,AL,2003,801,758,43,90,0.341,0.431,0.277,1,6,4,162,0.319,0.428,,,,,,,,,,,,,
MON,NL,2003,711,716,-5,83,0.326,0.401,0.258,0,,,162,0.327,0.423,,,,,,,,,,,,,
NYM,NL,2003,642,754,-112,66,0.314,0.374,0.247,0,,,161,0.345,0.438,,,,,,,,,,,,,
NYY,AL,2003,877,716,161,101,0.356,0.453,0.271,1,1,2,163,0.314,0.407,,,,,,,,,,,,,
OAK,AL,2003,768,643,125,96,0.327,0.417,0.254,1,3,4,162,0.314,0.376,,,,,,,,,,,,,
PHI,NL,2003,791,697,94,86,0.343,0.419,0.261,0,,,162,0.327,0.401,,,,,,,,,,,,,
PIT,NL,2003,753,801,-48,75,0.338,0.42,0.267,0,,,162,0.336,0.431,,,,,,,,,,,,,
SDP,NL,2003,678,831,-153,64,0.333,0.388,0.261,0,,,162,0.341,0.437,,,,,,,,,,,,,
SEA,AL,2003,795,637,158,93,0.344,0.41,0.271,0,,,162,0.311,0.388,,,,,,,,,,,,,
SFG,NL,2003,755,638,117,100,0.338,0.425,0.264,1,2,4,161,0.321,0.386,,,,,,,,,,,,,
STL,NL,2003,876,796,80,85,0.35,0.454,0.279,0,,,162,0.336,0.452,,,,,,,,,,,,,
TBD,AL,2003,715,852,-137,63,0.32,0.404,0.265,0,,,162,0.347,0.44,,,,,,,,,,,,,
TEX,AL,2003,826,969,-143,71,0.33,0.454,0.266,0,,,162,0.36,0.473,,,,,,,,,,,,,
TOR,AL,2003,894,826,68,86,0.349,0.455,0.279,0,,,162,0.337,0.441,,,,,,,,,,,,,
ANA,AL,2002,851,644,207,99,0.341,0.433,0.282,1,3,1,162,0.314,0.392,,,,,,,,,,,,,
ARI,NL,2002,819,674,145,98,0.346,0.423,0.267,1,4,4,162,0.305,0.397,,,,,,,,,,,,,
ATL,NL,2002,708,565,143,101,0.331,0.409,0.26,1,2,4,161,0.313,0.364,,,,,,,,,,,,,
BAL,AL,2002,667,773,-106,67,0.309,0.403,0.246,0,,,162,0.336,0.435,,,,,,,,,,,,,
BOS,AL,2002,859,665,194,93,0.345,0.444,0.277,0,,,162,0.308,0.385,,,,,,,,,,,,,
CHC,NL,2002,706,759,-53,67,0.321,0.413,0.246,0,,,162,0.331,0.407,,,,,,,,,,,,,
CHW,AL,2002,856,798,58,81,0.338,0.449,0.268,0,,,162,0.33,0.423,,,,,,,,,,,,,
CIN,NL,2002,709,774,-65,78,0.33,0.408,0.253,0,,,162,0.338,0.426,,,,,,,,,,,,,
CLE,AL,2002,739,837,-98,74,0.321,0.412,0.249,0,,,162,0.348,0.423,,,,,,,,,,,,,
COL,NL,2002,778,898,-120,73,0.337,0.423,0.274,0,,,162,0.349,0.466,,,,,,,,,,,,,
DET,AL,2002,575,864,-289,55,0.3,0.379,0.248,0,,,161,0.343,0.455,,,,,,,,,,,,,
FLA,NL,2002,699,763,-64,79,0.337,0.403,0.261,0,,,162,0.341,0.415,,,,,,,,,,,,,
HOU,NL,2002,749,695,54,84,0.338,0.417,0.262,0,,,162,0.33,0.41,,,,,,,,,,,,,
KCR,AL,2002,737,891,-154,62,0.323,0.398,0.256,0,,,162,0.349,0.464,,,,,,,,,,,,,
LAD,NL,2002,713,643,70,92,0.32,0.409,0.264,0,,,162,0.315,0.387,,,,,,,,,,,,,
MIL,NL,2002,627,821,-194,56,0.32,0.39,0.253,0,,,162,0.352,0.442,,,,,,,,,,,,,
MIN,AL,2002,768,712,56,94,0.332,0.437,0.272,1,7,3,161,0.318,0.421,,,,,,,,,,,,,
MON,NL,2002,735,718,17,83,0.334,0.418,0.261,0,,,162,0.329,0.421,,,,,,,,,,,,,
NYM,NL,2002,690,703,-13,75,0.322,0.395,0.256,0,,,161,0.327,0.403,,,,,,,,,,,,,
NYY,AL,2002,897,697,200,103,0.354,0.455,0.275,1,1,4,161,0.309,0.395,,,,,,,,,,,,,
OAK,AL,2002,800,654,146,103,0.339,0.432,0.261,1,1,4,162,0.315,0.384,,,,,,,,,,,,,
PHI,NL,2002,710,724,-14,80,0.339,0.422,0.259,0,,,161,0.328,0.401,,,,,,,,,,,,,
PIT,NL,2002,641,730,-89,72,0.319,0.381,0.244,0,,,161,0.342,0.423,,,,,,,,,,,,,
SDP,NL,2002,662,815,-153,66,0.321,0.381,0.253,0,,,162,0.346,0.442,,,,,,,,,,,,,
SEA,AL,2002,814,699,115,93,0.35,0.419,0.275,0,,,162,0.315,0.41,,,,,,,,,,,,,
SFG,NL,2002,783,616,167,95,0.344,0.442,0.267,1,6,2,162,0.319,0.372,,,,,,,,,,,,,
STL,NL,2002,787,648,139,97,0.338,0.425,0.268,1,5,3,162,0.323,0.386,,,,,,,,,,,,,
TBD,AL,2002,673,918,-245,55,0.314,0.39,0.253,0,,,161,0.357,0.463,,,,,,,,,,,,,
TEX,AL,2002,843,882,-39,72,0.338,0.455,0.269,0,,,162,0.355,0.451,,,,,,,,,,,,,
TOR,AL,2002,813,828,-15,78,0.327,0.43,0.261,0,,,162,0.344,0.431,,,,,,,,,,,,,
ANA,AL,2001,691,730,-39,75,0.327,0.405,0.261,0,,,162,0.331,0.412,,,,,,,,,,,,,
ARI,NL,2001,818,677,141,92,0.341,0.442,0.267,1,5,1,162,0.311,0.404,,,,,,,,,,,,,
ATL,NL,2001,729,643,86,88,0.324,0.412,0.26,1,7,3,162,0.314,0.384,,,,,,,,,,,,,
BAL,AL,2001,687,829,-142,63,0.319,0.38,0.248,0,,,162,0.337,0.439,,,,,,,,,,,,,
BOS,AL,2001,772,745,27,82,0.334,0.439,0.266,0,,,161,0.329,0.393,,,,,,,,,,,,,
CHC,NL,2001,777,701,76,88,0.336,0.43,0.261,0,,,162,0.321,0.398,,,,,,,,,,,,,
CHW,AL,2001,798,795,3,83,0.334,0.451,0.268,0,,,162,0.334,0.427,,,,,,,,,,,,,
CIN,NL,2001,735,850,-115,66,0.324,0.419,0.262,0,,,162,0.341,0.455,,,,,,,,,,,,,
CLE,AL,2001,897,821,76,91,0.35,0.458,0.278,1,6,4,162,0.341,0.417,,,,,,,,,,,,,
COL,NL,2001,923,906,17,73,0.354,0.483,0.292,0,,,162,0.35,0.48,,,,,,,,,,,,,
DET,AL,2001,724,876,-152,66,0.32,0.409,0.26,0,,,162,0.357,0.461,,,,,,,,,,,,,
FLA,NL,2001,742,744,-2,76,0.326,0.423,0.264,0,,,162,0.338,0.411,,,,,,,,,,,,,
HOU,NL,2001,847,769,78,93,0.347,0.451,0.271,1,4,4,162,0.325,0.437,,,,,,,,,,,,,
KCR,AL,2001,729,858,-129,65,0.318,0.409,0.266,0,,,162,0.348,0.45,,,,,,,,,,,,,
LAD,NL,2001,758,744,14,86,0.323,0.425,0.255,0,,,162,0.323,0.411,,,,,,,,,,,,,
MIL,NL,2001,740,806,-66,68,0.319,0.426,0.251,0,,,162,0.35,0.44,,,,,,,,,,,,,
MIN,AL,2001,771,766,5,85,0.337,0.433,0.272,0,,,162,0.325,0.437,,,,,,,,,,,,,
MON,NL,2001,670,812,-142,68,0.319,0.396,0.253,0,,,162,0.339,0.441,,,,,,,,,,,,,
NYM,NL,2001,642,713,-71,82,0.323,0.387,0.249,0,,,162,0.314,0.419,,,,,,,,,,,,,
NYY,AL,2001,804,713,91,95,0.334,0.435,0.267,1,3,2,161,0.318,0.398,,,,,,,,,,,,,
OAK,AL,2001,884,645,239,102,0.345,0.439,0.264,1,2,4,162,0.308,0.38,,,,,,,,,,,,,
PHI,NL,2001,746,719,27,86,0.329,0.414,0.26,0,,,162,0.329,0.424,,,,,,,,,,,,,
PIT,NL,2001,657,858,-201,62,0.313,0.393,0.247,0,,,162,0.344,0.433,,,,,,,,,,,,,
SDP,NL,2001,789,812,-23,79,0.336,0.399,0.252,0,,,162,0.33,0.45,,,,,,,,,,,,,
SEA,AL,2001,927,627,300,116,0.36,0.445,0.288,1,1,3,162,0.301,0.378,,,,,,,,,,,,,
SFG,NL,2001,799,748,51,90,0.342,0.46,0.266,0,,,162,0.329,0.404,,,,,,,,,,,,,
STL,NL,2001,814,684,130,93,0.339,0.441,0.27,1,4,4,162,0.328,0.428,,,,,,,,,,,,,
TBD,AL,2001,672,887,-215,62,0.32,0.388,0.258,0,,,162,0.345,0.452,,,,,,,,,,,,,
TEX,AL,2001,890,968,-78,73,0.344,0.471,0.275,0,,,162,0.362,0.494,,,,,,,,,,,,,
TOR,AL,2001,767,753,14,80,0.325,0.43,0.263,0,,,162,0.339,0.435,,,,,,,,,,,,,
ANA,AL,2000,864,869,-5,82,0.352,0.472,0.28,0,,,162,0.351,0.453,,,,,,,,,,,,,
ARI,NL,2000,792,754,38,85,0.333,0.429,0.265,0,,,162,0.326,0.424,,,,,,,,,,,,,
ATL,NL,2000,810,714,96,95,0.346,0.429,0.271,1,2,4,162,0.319,0.402,,,,,,,,,,,,,
BAL,AL,2000,794,913,-119,74,0.341,0.435,0.272,0,,,162,0.352,0.449,,,,,,,,,,,,,
BOS,AL,2000,792,745,47,85,0.341,0.423,0.267,0,,,162,0.322,0.411,,,,,,,,,,,,,
CHC,NL,2000,764,904,-140,65,0.335,0.411,0.256,0,,,162,0.348,0.452,,,,,,,,,,,,,
CHW,AL,2000,978,839,139,95,0.356,0.47,0.286,1,2,4,162,0.346,0.434,,,,,,,,,,,,,
CIN,NL,2000,825,765,60,85,0.343,0.447,0.274,0,,,163,0.341,0.438,,,,,,,,,,,,,
CLE,AL,2000,950,816,134,90,0.367,0.47,0.288,0,,,162,0.35,0.425,,,,,,,,,,,,,
COL,NL,2000,968,897,71,82,0.362,0.455,0.294,0,,,162,0.354,0.471,,,,,,,,,,,,,
DET,AL,2000,823,827,-4,79,0.343,0.438,0.275,0,,,162,0.34,0.443,,,,,,,,,,,,,
FLA,NL,2000,731,797,-66,79,0.331,0.409,0.262,0,,,161,0.348,0.429,,,,,,,,,,,,,
HOU,NL,2000,938,944,-6,72,0.361,0.477,0.278,0,,,162,0.353,0.476,,,,,,,,,,,,,
KCR,AL,2000,879,930,-51,77,0.348,0.425,0.288,0,,,162,0.362,0.474,,,,,,,,,,,,,
LAD,NL,2000,798,729,69,86,0.341,0.431,0.257,0,,,162,0.332,0.407,,,,,,,,,,,,,
MIL,NL,2000,740,826,-86,73,0.325,0.403,0.246,0,,,163,0.357,0.42,,,,,,,,,,,,,
MIN,AL,2000,748,880,-132,69,0.337,0.407,0.27,0,,,162,0.347,0.466,,,,,,,,,,,,,
MON,NL,2000,738,902,-164,67,0.326,0.432,0.266,0,,,162,0.353,0.449,,,,,,,,,,,,,
NYM,NL,2000,807,738,69,94,0.346,0.43,0.263,1,3,2,162,0.327,0.403,,,,,,,,,,,,,
NYY,AL,2000,871,814,57,87,0.354,0.45,0.277,1,5,1,161,0.336,0.422,,,,,,,,,,,,,
OAK,AL,2000,947,813,134,91,0.36,0.458,0.27,1,4,4,161,0.348,0.423,,,,,,,,,,,,,
PHI,NL,2000,708,830,-122,65,0.329,0.4,0.251,0,,,162,0.343,0.448,,,,,,,,,,,,,
PIT,NL,2000,793,888,-95,69,0.339,0.424,0.267,0,,,162,0.361,0.432,,,,,,,,,,,,,
SDP,NL,2000,752,815,-63,76,0.33,0.402,0.254,0,,,162,0.34,0.416,,,,,,,,,,,,,
SEA,AL,2000,907,780,127,91,0.361,0.442,0.269,1,4,3,162,0.339,0.416,,,,,,,,,,,,,
SFG,NL,2000,925,747,178,97,0.362,0.472,0.278,1,1,4,162,0.342,0.412,,,,,,,,,,,,,
STL,NL,2000,887,771,116,95,0.356,0.455,0.27,1,2,3,162,0.338,0.434,,,,,,,,,,,,,
TBD,AL,2000,733,842,-109,69,0.329,0.399,0.257,0,,,161,0.345,0.451,,,,,,,,,,,,,
TEX,AL,2000,848,974,-126,71,0.352,0.446,0.283,0,,,162,0.369,0.475,,,,,,,,,,,,,
TOR,AL,2000,861,908,-47,83,0.341,0.469,0.275,0,,,162,0.354,0.456,,,,,,,,,,,,,
ANA,AL,1999,711,826,-115,70,0.322,0.395,0.256,0,,,162,0.346,0.427,,,,,,,,,,,,,
ARI,NL,1999,908,676,232,100,0.347,0.459,0.277,1,2,4,162,0.32,0.402,,,,,,,,,,,,,
ATL,NL,1999,840,661,179,103,0.341,0.436,0.266,1,1,2,162,0.314,0.377,,,,,,,,,,,,,
BAL,AL,1999,851,815,36,78,0.353,0.447,0.279,0,,,162,0.35,0.441,,,,,,,,,,,,,
BOS,AL,1999,836,718,118,94,0.35,0.448,0.278,1,6,3,162,0.315,0.398,,,,,,,,,,,,,
CHC,NL,1999,747,920,-173,67,0.329,0.42,0.257,0,,,162,0.346,0.467,,,,,,,,,,,,,
CHW,AL,1999,777,870,-93,75,0.337,0.429,0.277,0,,,162,0.353,0.447,,,,,,,,,,,,,
CIN,NL,1999,865,711,154,96,0.341,0.451,0.272,0,,,163,0.324,0.411,,,,,,,,,,,,,
CLE,AL,1999,1009,860,149,97,0.373,0.467,0.289,1,4,4,162,0.347,0.439,,,,,,,,,,,,,
COL,NL,1999,906,1028,-122,72,0.348,0.472,0.288,0,,,162,0.384,0.499,,,,,,,,,,,,,
DET,AL,1999,747,882,-135,69,0.326,0.443,0.261,0,,,161,0.349,0.451,,,,,,,,,,,,,
FLA,NL,1999,691,852,-161,64,0.325,0.395,0.263,0,,,162,0.359,0.44,,,,,,,,,,,,,
HOU,NL,1999,823,675,148,97,0.355,0.42,0.267,1,4,4,162,0.326,0.397,,,,,,,,,,,,,
KCR,AL,1999,856,921,-65,64,0.348,0.433,0.282,0,,,161,0.365,0.454,,,,,,,,,,,,,
LAD,NL,1999,793,787,6,77,0.339,0.42,0.266,0,,,162,0.336,0.422,,,,,,,,,,,,,
MIL,NL,1999,815,886,-71,74,0.353,0.426,0.273,0,,,161,0.356,0.457,,,,,,,,,,,,,
MIN,AL,1999,686,845,-159,63,0.328,0.384,0.264,0,,,161,0.342,0.465,,,,,,,,,,,,,
MON,NL,1999,718,853,-135,68,0.323,0.427,0.265,0,,,162,0.342,0.418,,,,,,,,,,,,,
NYM,NL,1999,853,711,142,97,0.363,0.434,0.279,1,4,3,163,0.331,0.418,,,,,,,,,,,,,
NYY,AL,1999,900,731,169,98,0.366,0.453,0.282,1,3,1,162,0.329,0.4,,,,,,,,,,,,,
OAK,AL,1999,893,846,47,87,0.355,0.446,0.259,0,,,162,0.344,0.428,,,,,,,,,,,,,
PHI,NL,1999,841,846,-5,77,0.351,0.431,0.275,0,,,162,0.347,0.447,,,,,,,,,,,,,
PIT,NL,1999,775,782,-7,78,0.334,0.419,0.259,0,,,161,0.343,0.42,,,,,,,,,,,,,
SDP,NL,1999,710,781,-71,74,0.332,0.393,0.252,0,,,162,0.333,0.43,,,,,,,,,,,,,
SEA,AL,1999,859,905,-46,79,0.343,0.455,0.269,0,,,162,0.368,0.454,,,,,,,,,,,,,
SFG,NL,1999,872,831,41,86,0.356,0.434,0.271,0,,,162,0.345,0.423,,,,,,,,,,,,,
STL,NL,1999,809,838,-29,75,0.338,0.426,0.262,0,,,161,0.355,0.427,,,,,,,,,,,,,
TBD,AL,1999,772,913,-141,69,0.343,0.411,0.274,0,,,162,0.371,0.448,,,,,,,,,,,,,
TEX,AL,1999,945,859,86,95,0.361,0.479,0.293,1,5,4,162,0.346,0.459,,,,,,,,,,,,,
TOR,AL,1999,883,862,21,84,0.352,0.457,0.28,0,,,162,0.353,0.456,,,,,,,,,,,,,
ANA,AL,1998,787,783,4,85,0.335,0.415,0.272,0,,,162,,,,,,,,,,,,,,,
ARI,NL,1998,665,812,-147,65,0.314,0.393,0.246,0,,,162,,,,,,,,,,,,,,,
ATL,NL,1998,826,581,245,106,0.342,0.453,0.272,1,2,3,162,,,,,,,,,,,,,,,
BAL,AL,1998,817,785,32,79,0.347,0.447,0.273,0,,,162,,,,,,,,,,,,,,,
BOS,AL,1998,876,729,147,92,0.348,0.463,0.28,1,5,4,162,,,,,,,,,,,,,,,
CHC,NL,1998,831,792,39,90,0.337,0.433,0.264,1,6,4,163,,,,,,,,,,,,,,,
CHW,AL,1998,861,931,-70,80,0.339,0.444,0.271,0,,,163,,,,,,,,,,,,,,,
CIN,NL,1998,750,760,-10,77,0.337,0.402,0.262,0,,,162,,,,,,,,,,,,,,,
CLE,AL,1998,850,779,71,89,0.347,0.448,0.272,1,7,3,162,,,,,,,,,,,,,,,
COL,NL,1998,826,855,-29,77,0.347,0.461,0.291,0,,,162,,,,,,,,,,,,,,,
DET,AL,1998,722,863,-141,65,0.323,0.415,0.264,0,,,162,,,,,,,,,,,,,,,
FLA,NL,1998,667,923,-256,54,0.317,0.373,0.248,0,,,162,,,,,,,,,,,,,,,
HOU,NL,1998,874,620,254,102,0.356,0.436,0.28,1,3,4,162,,,,,,,,,,,,,,,
KCR,AL,1998,714,899,-185,72,0.324,0.399,0.263,0,,,161,,,,,,,,,,,,,,,
LAD,NL,1998,669,678,-9,83,0.31,0.387,0.252,0,,,162,,,,,,,,,,,,,,,
MIL,NL,1998,707,812,-105,74,0.33,0.396,0.26,0,,,162,,,,,,,,,,,,,,,
MIN,AL,1998,734,818,-84,70,0.328,0.389,0.266,0,,,162,,,,,,,,,,,,,,,
MON,NL,1998,644,783,-139,65,0.31,0.394,0.249,0,,,162,,,,,,,,,,,,,,,
NYM,NL,1998,706,645,61,88,0.33,0.394,0.259,0,,,162,,,,,,,,,,,,,,,
NYY,AL,1998,965,656,309,114,0.364,0.46,0.288,1,1,1,162,,,,,,,,,,,,,,,
OAK,AL,1998,804,866,-62,74,0.338,0.397,0.257,0,,,162,,,,,,,,,,,,,,,
PHI,NL,1998,713,808,-95,75,0.326,0.395,0.264,0,,,162,,,,,,,,,,,,,,,
PIT,NL,1998,650,718,-68,69,0.311,0.374,0.254,0,,,163,,,,,,,,,,,,,,,
SDP,NL,1998,749,635,114,98,0.33,0.409,0.253,1,4,2,162,,,,,,,,,,,,,,,
SEA,AL,1998,859,855,4,76,0.345,0.468,0.276,0,,,161,,,,,,,,,,,,,,,
SFG,NL,1998,845,739,106,89,0.353,0.421,0.274,0,,,163,,,,,,,,,,,,,,,
STL,NL,1998,810,782,28,83,0.341,0.441,0.258,0,,,163,,,,,,,,,,,,,,,
TBD,AL,1998,620,751,-131,63,0.321,0.385,0.261,0,,,162,,,,,,,,,,,,,,,
TEX,AL,1998,940,871,69,88,0.357,0.462,0.289,1,8,4,162,,,,,,,,,,,,,,,
TOR,AL,1998,816,768,48,88,0.34,0.448,0.266,0,,,163,,,,,,,,,,,,,,,
ANA,AL,1997,829,794,35,84,0.346,0.416,0.272,0,,,162,,,,,,,,,,,,,,,
ATL,NL,1997,791,581,210,101,0.343,0.426,0.27,1,1,3,162,,,,,,,,,,,,,,,
BAL,AL,1997,812,681,131,98,0.341,0.429,0.268,1,2,3,162,,,,,,,,,,,,,,,
BOS,AL,1997,851,857,-6,78,0.352,0.463,0.291,0,,,162,,,,,,,,,,,,,,,
CHC,NL,1997,687,759,-72,68,0.321,0.396,0.263,0,,,162,,,,,,,,,,,,,,,
CHW,AL,1997,779,833,-54,80,0.341,0.417,0.273,0,,,161,,,,,,,,,,,,,,,
CIN,NL,1997,651,764,-113,76,0.321,0.389,0.253,0,,,162,,,,,,,,,,,,,,,
CLE,AL,1997,868,815,53,86,0.358,0.467,0.286,1,6,2,161,,,,,,,,,,,,,,,
COL,NL,1997,923,908,15,83,0.357,0.478,0.288,0,,,162,,,,,,,,,,,,,,,
DET,AL,1997,784,790,-6,79,0.332,0.415,0.258,0,,,162,,,,,,,,,,,,,,,
FLA,NL,1997,740,669,71,92,0.346,0.395,0.259,1,4,1,162,,,,,,,,,,,,,,,
HOU,NL,1997,777,660,117,84,0.344,0.403,0.259,1,7,4,162,,,,,,,,,,,,,,,
KCR,AL,1997,747,820,-73,67,0.333,0.407,0.264,0,,,161,,,,,,,,,,,,,,,
LAD,NL,1997,742,645,97,88,0.33,0.418,0.268,0,,,162,,,,,,,,,,,,,,,
MIL,AL,1997,681,742,-61,78,0.325,0.398,0.26,0,,,161,,,,,,,,,,,,,,,
MIN,AL,1997,772,861,-89,68,0.333,0.409,0.27,0,,,162,,,,,,,,,,,,,,,
MON,NL,1997,691,740,-49,78,0.316,0.425,0.258,0,,,162,,,,,,,,,,,,,,,
NYM,NL,1997,777,709,68,88,0.332,0.405,0.262,0,,,162,,,,,,,,,,,,,,,
NYY,AL,1997,891,688,203,96,0.362,0.436,0.287,1,3,4,162,,,,,,,,,,,,,,,
OAK,AL,1997,764,946,-182,65,0.339,0.423,0.26,0,,,162,,,,,,,,,,,,,,,
PHI,NL,1997,668,840,-172,68,0.322,0.385,0.255,0,,,162,,,,,,,,,,,,,,,
PIT,NL,1997,725,760,-35,79,0.329,0.404,0.262,0,,,162,,,,,,,,,,,,,,,
SDP,NL,1997,795,891,-96,76,0.342,0.407,0.271,0,,,162,,,,,,,,,,,,,,,
SEA,AL,1997,925,833,92,90,0.355,0.485,0.28,1,5,4,162,,,,,,,,,,,,,,,
SFG,NL,1997,784,793,-9,90,0.337,0.414,0.258,1,5,4,162,,,,,,,,,,,,,,,
STL,NL,1997,689,708,-19,73,0.324,0.396,0.255,0,,,162,,,,,,,,,,,,,,,
TEX,AL,1997,807,823,-16,77,0.334,0.438,0.274,0,,,162,,,,,,,,,,,,,,,
TOR,AL,1997,654,694,-40,76,0.31,0.389,0.244,0,,,162,,,,,,,,,,,,,,,
ATL,NL,1996,773,648,125,96,0.333,0.432,0.27,1,2,2,162,,,,,,,,,,,,,,,
BAL,AL,1996,949,903,46,88,0.35,0.472,0.274,1,6,3,163,,,,,,,,,,,,,,,
BOS,AL,1996,928,921,7,85,0.359,0.457,0.283,0,,,162,,,,,,,,,,,,,,,
CAL,AL,1996,762,943,-181,70,0.339,0.431,0.276,0,,,161,,,,,,,,,,,,,,,
CHC,NL,1996,772,771,1,76,0.32,0.401,0.251,0,,,162,,,,,,,,,,,,,,,
CHW,AL,1996,898,794,104,85,0.36,0.447,0.281,0,,,162,,,,,,,,,,,,,,,
CIN,NL,1996,778,773,5,81,0.331,0.422,0.256,0,,,162,,,,,,,,,,,,,,,
CLE,AL,1996,952,769,183,99,0.369,0.475,0.293,1,1,4,161,,,,,,,,,,,,,,,
COL,NL,1996,961,964,-3,83,0.355,0.472,0.287,0,,,162,,,,,,,,,,,,,,,
DET,AL,1996,783,1103,-320,53,0.323,0.42,0.256,0,,,162,,,,,,,,,,,,,,,
FLA,NL,1996,688,703,-15,80,0.329,0.393,0.257,0,,,162,,,,,,,,,,,,,,,
HOU,NL,1996,753,792,-39,82,0.336,0.397,0.262,0,,,162,,,,,,,,,,,,,,,
KCR,AL,1996,746,786,-40,75,0.332,0.398,0.267,0,,,161,,,,,,,,,,,,,,,
LAD,NL,1996,703,652,51,90,0.316,0.384,0.252,1,5,4,162,,,,,,,,,,,,,,,
MIL,AL,1996,894,899,-5,80,0.353,0.441,0.279,0,,,162,,,,,,,,,,,,,,,
MIN,AL,1996,877,900,-23,78,0.357,0.425,0.288,0,,,162,,,,,,,,,,,,,,,
MON,NL,1996,741,668,73,88,0.327,0.406,0.262,0,,,162,,,,,,,,,,,,,,,
NYM,NL,1996,746,779,-33,71,0.324,0.412,0.27,0,,,162,,,,,,,,,,,,,,,
NYY,AL,1996,871,787,84,92,0.36,0.436,0.288,1,3,1,162,,,,,,,,,,,,,,,
OAK,AL,1996,861,900,-39,78,0.344,0.452,0.265,0,,,162,,,,,,,,,,,,,,,
PHI,NL,1996,650,790,-140,67,0.325,0.387,0.256,0,,,162,,,,,,,,,,,,,,,
PIT,NL,1996,776,833,-57,73,0.329,0.407,0.266,0,,,162,,,,,,,,,,,,,,,
SDP,NL,1996,771,682,89,91,0.338,0.402,0.265,1,4,4,162,,,,,,,,,,,,,,,
SEA,AL,1996,993,895,98,85,0.366,0.484,0.287,0,,,161,,,,,,,,,,,,,,,
SFG,NL,1996,752,862,-110,68,0.331,0.388,0.253,0,,,162,,,,,,,,,,,,,,,
STL,NL,1996,759,706,53,88,0.33,0.407,0.267,1,6,3,162,,,,,,,,,,,,,,,
TEX,AL,1996,928,799,129,90,0.358,0.469,0.284,1,5,4,163,,,,,,,,,,,,,,,
TOR,AL,1996,766,809,-43,74,0.331,0.42,0.259,0,,,162,,,,,,,,,,,,,,,
ATL,NL,1993,767,559,208,104,0.331,0.408,0.262,1,1,3,162,,,,,,,,,,,,,,,
BAL,AL,1993,786,745,41,85,0.346,0.413,0.267,0,,,162,,,,,,,,,,,,,,,
BOS,AL,1993,686,698,-12,80,0.33,0.395,0.264,0,,,162,,,,,,,,,,,,,,,
CAL,AL,1993,684,770,-86,71,0.331,0.38,0.26,0,,,162,,,,,,,,,,,,,,,
CHC,NL,1993,738,739,-1,84,0.325,0.414,0.27,0,,,163,,,,,,,,,,,,,,,
CHW,AL,1993,776,664,112,94,0.338,0.411,0.265,1,4,3,162,,,,,,,,,,,,,,,
CIN,NL,1993,722,785,-63,73,0.324,0.396,0.264,0,,,162,,,,,,,,,,,,,,,
CLE,AL,1993,790,813,-23,76,0.335,0.409,0.275,0,,,162,,,,,,,,,,,,,,,
COL,NL,1993,758,967,-209,67,0.323,0.422,0.273,0,,,162,,,,,,,,,,,,,,,
DET,AL,1993,899,837,62,85,0.362,0.434,0.275,0,,,162,,,,,,,,,,,,,,,
FLA,NL,1993,581,724,-143,64,0.314,0.346,0.248,0,,,162,,,,,,,,,,,,,,,
HOU,NL,1993,716,630,86,85,0.33,0.409,0.267,0,,,162,,,,,,,,,,,,,,,
KCR,AL,1993,675,694,-19,84,0.32,0.397,0.263,0,,,162,,,,,,,,,,,,,,,
LAD,NL,1993,675,662,13,81,0.321,0.383,0.261,0,,,162,,,,,,,,,,,,,,,
MIL,AL,1993,733,792,-59,69,0.328,0.378,0.258,0,,,162,,,,,,,,,,,,,,,
MIN,AL,1993,693,830,-137,71,0.327,0.385,0.264,0,,,162,,,,,,,,,,,,,,,
MON,NL,1993,732,682,50,94,0.326,0.386,0.257,0,,,163,,,,,,,,,,,,,,,
NYM,NL,1993,672,744,-72,59,0.305,0.39,0.248,0,,,162,,,,,,,,,,,,,,,
NYY,AL,1993,821,761,60,88,0.353,0.435,0.279,0,,,162,,,,,,,,,,,,,,,
OAK,AL,1993,715,846,-131,68,0.33,0.394,0.254,0,,,162,,,,,,,,,,,,,,,
PHI,NL,1993,877,740,137,97,0.351,0.426,0.274,1,2,2,162,,,,,,,,,,,,,,,
PIT,NL,1993,707,806,-99,75,0.335,0.393,0.267,0,,,162,,,,,,,,,,,,,,,
SDP,NL,1993,679,772,-93,61,0.312,0.389,0.252,0,,,162,,,,,,,,,,,,,,,
SEA,AL,1993,734,731,3,82,0.339,0.406,0.26,0,,,162,,,,,,,,,,,,,,,
SFG,NL,1993,808,636,172,103,0.34,0.427,0.276,0,,,162,,,,,,,,,,,,,,,
STL,NL,1993,758,744,14,87,0.341,0.395,0.272,0,,,162,,,,,,,,,,,,,,,
TEX,AL,1993,835,751,84,86,0.329,0.431,0.267,0,,,162,,,,,,,,,,,,,,,
TOR,AL,1993,847,742,105,95,0.35,0.436,0.279,1,3,1,162,,,,,,,,,,,,,,,
ATL,NL,1992,682,569,113,98,0.316,0.388,0.254,1,1,2,162,,,,,,,,,,,,,,,
BAL,AL,1992,705,656,49,89,0.34,0.398,0.259,0,,,162,,,,,,,,,,,,,,,
BOS,AL,1992,599,669,-70,73,0.321,0.347,0.246,0,,,162,,,,,,,,,,,,,,,
CAL,AL,1992,579,671,-92,72,0.301,0.338,0.243,0,,,162,,,,,,,,,,,,,,,
CHC,NL,1992,593,624,-31,78,0.307,0.364,0.254,0,,,162,,,,,,,,,,,,,,,
CHW,AL,1992,738,690,48,86,0.336,0.383,0.261,0,,,162,,,,,,,,,,,,,,,
CIN,NL,1992,660,609,51,90,0.328,0.382,0.26,0,,,162,,,,,,,,,,,,,,,
CLE,AL,1992,674,746,-72,76,0.323,0.383,0.266,0,,,162,,,,,,,,,,,,,,,
DET,AL,1992,791,794,-3,75,0.337,0.407,0.256,0,,,162,,,,,,,,,,,,,,,
HOU,NL,1992,608,668,-60,81,0.313,0.359,0.246,0,,,162,,,,,,,,,,,,,,,
KCR,AL,1992,610,667,-57,72,0.315,0.364,0.256,0,,,162,,,,,,,,,,,,,,,
LAD,NL,1992,548,636,-88,63,0.313,0.339,0.248,0,,,162,,,,,,,,,,,,,,,
MIL,AL,1992,740,604,136,92,0.33,0.375,0.268,0,,,162,,,,,,,,,,,,,,,
MIN,AL,1992,747,653,94,90,0.341,0.391,0.277,0,,,162,,,,,,,,,,,,,,,
MON,NL,1992,648,581,67,87,0.313,0.37,0.252,0,,,162,,,,,,,,,,,,,,,
NYM,NL,1992,599,653,-54,72,0.31,0.342,0.235,0,,,162,,,,,,,,,,,,,,,
NYY,AL,1992,733,746,-13,76,0.328,0.406,0.261,0,,,162,,,,,,,,,,,,,,,
OAK,AL,1992,745,672,73,96,0.346,0.386,0.258,1,2,3,162,,,,,,,,,,,,,,,
PHI,NL,1992,686,717,-31,70,0.32,0.377,0.253,0,,,162,,,,,,,,,,,,,,,
PIT,NL,1992,693,595,98,96,0.324,0.381,0.255,1,2,3,162,,,,,,,,,,,,,,,
SDP,NL,1992,617,636,-19,82,0.313,0.386,0.255,0,,,162,,,,,,,,,,,,,,,
SEA,AL,1992,679,799,-120,64,0.323,0.402,0.263,0,,,162,,,,,,,,,,,,,,,
SFG,NL,1992,574,647,-73,72,0.302,0.355,0.244,0,,,162,,,,,,,,,,,,,,,
STL,NL,1992,631,604,27,83,0.323,0.375,0.262,0,,,162,,,,,,,,,,,,,,,
TEX,AL,1992,682,753,-71,77,0.321,0.393,0.25,0,,,162,,,,,,,,,,,,,,,
TOR,AL,1992,780,682,98,96,0.333,0.414,0.263,1,2,1,162,,,,,,,,,,,,,,,
ATL,NL,1991,749,644,105,94,0.328,0.393,0.258,1,3,2,162,,,,,,,,,,,,,,,
BAL,AL,1991,686,796,-110,67,0.319,0.401,0.254,0,,,162,,,,,,,,,,,,,,,
BOS,AL,1991,731,712,19,84,0.34,0.401,0.269,0,,,162,,,,,,,,,,,,,,,
CAL,AL,1991,653,649,4,81,0.314,0.374,0.255,0,,,162,,,,,,,,,,,,,,,
CHC,NL,1991,695,734,-39,77,0.309,0.39,0.253,0,,,160,,,,,,,,,,,,,,,
CHW,AL,1991,758,681,77,87,0.336,0.391,0.262,0,,,162,,,,,,,,,,,,,,,
CIN,NL,1991,689,691,-2,74,0.32,0.403,0.258,0,,,162,,,,,,,,,,,,,,,
CLE,AL,1991,576,759,-183,57,0.313,0.35,0.254,0,,,162,,,,,,,,,,,,,,,
DET,AL,1991,817,794,23,84,0.333,0.416,0.247,0,,,162,,,,,,,,,,,,,,,
HOU,NL,1991,605,717,-112,65,0.309,0.347,0.244,0,,,162,,,,,,,,,,,,,,,
KCR,AL,1991,727,722,5,82,0.328,0.394,0.264,0,,,162,,,,,,,,,,,,,,,
LAD,NL,1991,665,565,100,93,0.326,0.359,0.253,0,,,162,,,,,,,,,,,,,,,
MIL,AL,1991,799,744,55,83,0.336,0.396,0.271,0,,,162,,,,,,,,,,,,,,,
MIN,AL,1991,776,652,124,95,0.344,0.42,0.28,1,2,1,162,,,,,,,,,,,,,,,
MON,NL,1991,579,655,-76,71,0.308,0.357,0.246,0,,,161,,,,,,,,,,,,,,,
NYM,NL,1991,640,646,-6,77,0.317,0.365,0.244,0,,,161,,,,,,,,,,,,,,,
NYY,AL,1991,674,777,-103,71,0.316,0.387,0.256,0,,,162,,,,,,,,,,,,,,,
OAK,AL,1991,760,776,-16,84,0.331,0.389,0.248,0,,,162,,,,,,,,,,,,,,,
PHI,NL,1991,629,680,-51,78,0.303,0.358,0.241,0,,,162,,,,,,,,,,,,,,,
PIT,NL,1991,768,632,136,98,0.338,0.398,0.263,1,1,3,162,,,,,,,,,,,,,,,
SDP,NL,1991,636,646,-10,84,0.31,0.362,0.244,0,,,162,,,,,,,,,,,,,,,
SEA,AL,1991,702,674,28,83,0.328,0.383,0.255,0,,,162,,,,,,,,,,,,,,,
SFG,NL,1991,649,697,-48,75,0.309,0.381,0.246,0,,,162,,,,,,,,,,,,,,,
STL,NL,1991,651,648,3,84,0.322,0.357,0.255,0,,,162,,,,,,,,,,,,,,,
TEX,AL,1991,829,814,15,85,0.341,0.424,0.27,0,,,162,,,,,,,,,,,,,,,
TOR,AL,1991,684,622,62,91,0.322,0.4,0.257,1,4,3,162,,,,,,,,,,,,,,,
ATL,NL,1990,682,821,-139,65,0.311,0.396,0.25,0,,,162,,,,,,,,,,,,,,,
BAL,AL,1990,669,698,-29,76,0.33,0.37,0.245,0,,,161,,,,,,,,,,,,,,,
BOS,AL,1990,699,664,35,88,0.344,0.395,0.272,1,4,3,162,,,,,,,,,,,,,,,
CAL,AL,1990,690,706,-16,80,0.329,0.391,0.26,0,,,162,,,,,,,,,,,,,,,
CHC,NL,1990,690,774,-84,77,0.314,0.392,0.263,0,,,162,,,,,,,,,,,,,,,
CHW,AL,1990,682,633,49,94,0.32,0.379,0.258,0,,,162,,,,,,,,,,,,,,,
CIN,NL,1990,693,597,96,91,0.325,0.399,0.265,1,3,1,162,,,,,,,,,,,,,,,
CLE,AL,1990,732,737,-5,77,0.324,0.391,0.267,0,,,162,,,,,,,,,,,,,,,
DET,AL,1990,750,754,-4,79,0.337,0.409,0.259,0,,,162,,,,,,,,,,,,,,,
HOU,NL,1990,573,656,-83,75,0.313,0.345,0.242,0,,,162,,,,,,,,,,,,,,,
KCR,AL,1990,707,709,-2,75,0.328,0.395,0.267,0,,,161,,,,,,,,,,,,,,,
LAD,NL,1990,728,685,43,86,0.328,0.382,0.262,0,,,162,,,,,,,,,,,,,,,
MIL,AL,1990,732,760,-28,74,0.32,0.384,0.256,0,,,162,,,,,,,,,,,,,,,
MIN,AL,1990,666,729,-63,74,0.324,0.385,0.265,0,,,162,,,,,,,,,,,,,,,
MON,NL,1990,662,598,64,85,0.322,0.37,0.25,0,,,162,,,,,,,,,,,,,,,
NYM,NL,1990,775,613,162,91,0.323,0.408,0.256,0,,,162,,,,,,,,,,,,,,,
NYY,AL,1990,603,749,-146,67,0.3,0.366,0.241,0,,,162,,,,,,,,,,,,,,,
OAK,AL,1990,733,570,163,103,0.336,0.391,0.254,1,1,2,162,,,,,,,,,,,,,,,
PHI,NL,1990,646,729,-83,77,0.327,0.363,0.255,0,,,162,,,,,,,,,,,,,,,
PIT,NL,1990,733,619,114,95,0.33,0.405,0.259,1,2,3,162,,,,,,,,,,,,,,,
SDP,NL,1990,673,673,0,75,0.32,0.38,0.257,0,,,162,,,,,,,,,,,,,,,
SEA,AL,1990,640,680,-40,77,0.333,0.373,0.259,0,,,162,,,,,,,,,,,,,,,
SFG,NL,1990,719,710,9,85,0.323,0.396,0.262,0,,,162,,,,,,,,,,,,,,,
STL,NL,1990,599,698,-99,70,0.32,0.358,0.256,0,,,162,,,,,,,,,,,,,,,
TEX,AL,1990,676,696,-20,83,0.331,0.376,0.259,0,,,162,,,,,,,,,,,,,,,
TOR,AL,1990,767,661,106,86,0.328,0.419,0.265,0,,,162,,,,,,,,,,,,,,,
ATL,NL,1989,584,680,-96,63,0.298,0.35,0.234,0,,,161,,,,,,,,,,,,,,,
BAL,AL,1989,708,686,22,87,0.326,0.379,0.252,0,,,162,,,,,,,,,,,,,,,
BOS,AL,1989,774,735,39,83,0.351,0.403,0.277,0,,,162,,,,,,,,,,,,,,,
CAL,AL,1989,669,578,91,91,0.311,0.386,0.256,0,,,162,,,,,,,,,,,,,,,
CHC,NL,1989,702,623,79,93,0.319,0.387,0.261,1,2,3,162,,,,,,,,,,,,,,,
CHW,AL,1989,693,750,-57,69,0.328,0.383,0.271,0,,,161,,,,,,,,,,,,,,,
CIN,NL,1989,632,691,-59,75,0.309,0.37,0.247,0,,,162,,,,,,,,,,,,,,,
CLE,AL,1989,604,654,-50,73,0.31,0.365,0.245,0,,,162,,,,,,,,,,,,,,,
DET,AL,1989,617,816,-199,59,0.318,0.351,0.242,0,,,162,,,,,,,,,,,,,,,
HOU,NL,1989,647,669,-22,86,0.306,0.345,0.239,0,,,162,,,,,,,,,,,,,,,
KCR,AL,1989,690,635,55,92,0.329,0.373,0.261,0,,,162,,,,,,,,,,,,,,,
LAD,NL,1989,554,536,18,77,0.306,0.339,0.24,0,,,160,,,,,,,,,,,,,,,
MIL,AL,1989,707,679,28,81,0.318,0.382,0.259,0,,,162,,,,,,,,,,,,,,,
MIN,AL,1989,740,738,2,80,0.334,0.402,0.276,0,,,162,,,,,,,,,,,,,,,
MON,NL,1989,632,630,2,81,0.319,0.361,0.247,0,,,162,,,,,,,,,,,,,,,
NYM,NL,1989,683,595,88,87,0.311,0.385,0.246,0,,,162,,,,,,,,,,,,,,,
NYY,AL,1989,698,792,-94,74,0.331,0.391,0.269,0,,,161,,,,,,,,,,,,,,,
OAK,AL,1989,712,576,136,99,0.331,0.381,0.261,1,1,1,162,,,,,,,,,,,,,,,
PHI,NL,1989,629,735,-106,67,0.314,0.364,0.243,0,,,163,,,,,,,,,,,,,,,
PIT,NL,1989,637,680,-43,74,0.311,0.359,0.241,0,,,164,,,,,,,,,,,,,,,
SDP,NL,1989,642,626,16,89,0.319,0.369,0.251,0,,,162,,,,,,,,,,,,,,,
SEA,AL,1989,694,728,-34,73,0.32,0.384,0.257,0,,,162,,,,,,,,,,,,,,,
SFG,NL,1989,699,600,99,92,0.316,0.39,0.25,1,3,2,162,,,,,,,,,,,,,,,
STL,NL,1989,632,608,24,86,0.321,0.363,0.258,0,,,164,,,,,,,,,,,,,,,
TEX,AL,1989,695,714,-19,83,0.326,0.394,0.263,0,,,162,,,,,,,,,,,,,,,
TOR,AL,1989,731,651,80,89,0.323,0.398,0.26,1,4,3,162,,,,,,,,,,,,,,,
ATL,NL,1988,555,741,-186,54,0.298,0.348,0.242,0,,,160,,,,,,,,,,,,,,,
BAL,AL,1988,550,789,-239,54,0.305,0.359,0.238,0,,,161,,,,,,,,,,,,,,,
BOS,AL,1988,813,689,124,89,0.357,0.42,0.283,1,4,3,162,,,,,,,,,,,,,,,
CAL,AL,1988,714,771,-57,75,0.321,0.385,0.261,0,,,162,,,,,,,,,,,,,,,
CHC,NL,1988,660,694,-34,77,0.31,0.383,0.261,0,,,163,,,,,,,,,,,,,,,
CHW,AL,1988,631,757,-126,71,0.303,0.37,0.244,0,,,161,,,,,,,,,,,,,,,
CIN,NL,1988,641,596,45,87,0.309,0.368,0.246,0,,,161,,,,,,,,,,,,,,,
CLE,AL,1988,666,731,-65,78,0.314,0.387,0.261,0,,,162,,,,,,,,,,,,,,,
DET,AL,1988,703,658,45,88,0.324,0.378,0.25,0,,,162,,,,,,,,,,,,,,,
HOU,NL,1988,617,631,-14,82,0.306,0.351,0.244,0,,,162,,,,,,,,,,,,,,,
KCR,AL,1988,704,648,56,84,0.321,0.391,0.259,0,,,161,,,,,,,,,,,,,,,
LAD,NL,1988,628,544,84,94,0.305,0.352,0.248,1,3,1,162,,,,,,,,,,,,,,,
MIL,AL,1988,682,616,66,87,0.314,0.375,0.257,0,,,162,,,,,,,,,,,,,,,
MIN,AL,1988,759,672,87,91,0.34,0.421,0.274,0,,,162,,,,,,,,,,,,,,,
MON,NL,1988,628,592,36,81,0.309,0.373,0.251,0,,,163,,,,,,,,,,,,,,,
NYM,NL,1988,703,532,171,100,0.325,0.396,0.256,1,2,3,160,,,,,,,,,,,,,,,
NYY,AL,1988,772,748,24,85,0.333,0.395,0.263,0,,,161,,,,,,,,,,,,,,,
OAK,AL,1988,800,620,180,104,0.336,0.399,0.263,1,1,2,162,,,,,,,,,,,,,,,
PHI,NL,1988,597,734,-137,65,0.306,0.355,0.239,0,,,162,,,,,,,,,,,,,,,
PIT,NL,1988,651,616,35,85,0.317,0.369,0.247,0,,,160,,,,,,,,,,,,,,,
SDP,NL,1988,594,583,11,83,0.31,0.351,0.247,0,,,161,,,,,,,,,,,,,,,
SEA,AL,1988,664,744,-80,68,0.317,0.398,0.257,0,,,161,,,,,,,,,,,,,,,
SFG,NL,1988,670,626,44,83,0.318,0.368,0.248,0,,,162,,,,,,,,,,,,,,,
STL,NL,1988,578,633,-55,76,0.309,0.337,0.249,0,,,162,,,,,,,,,,,,,,,
TEX,AL,1988,637,735,-98,70,0.32,0.368,0.252,0,,,161,,,,,,,,,,,,,,,
TOR,AL,1988,763,680,83,87,0.332,0.419,0.268,0,,,162,,,,,,,,,,,,,,,
ATL,NL,1987,747,829,-82,69,0.339,0.403,0.258,0,,,161,,,,,,,,,,,,,,,
BAL,AL,1987,729,880,-151,67,0.322,0.418,0.258,0,,,162,,,,,,,,,,,,,,,
BOS,AL,1987,842,825,17,78,0.352,0.43,0.278,0,,,162,,,,,,,,,,,,,,,
CAL,AL,1987,770,803,-33,75,0.326,0.401,0.252,0,,,162,,,,,,,,,,,,,,,
CHC,NL,1987,720,801,-81,76,0.326,0.432,0.264,0,,,161,,,,,,,,,,,,,,,
CHW,AL,1987,748,746,2,77,0.319,0.415,0.258,0,,,162,,,,,,,,,,,,,,,
CIN,NL,1987,783,752,31,84,0.33,0.427,0.266,0,,,162,,,,,,,,,,,,,,,
CLE,AL,1987,742,957,-215,61,0.324,0.422,0.263,0,,,162,,,,,,,,,,,,,,,
DET,AL,1987,896,735,161,98,0.349,0.451,0.272,1,1,3,162,,,,,,,,,,,,,,,
HOU,NL,1987,648,678,-30,76,0.318,0.373,0.253,0,,,162,,,,,,,,,,,,,,,
KCR,AL,1987,715,691,24,83,0.328,0.412,0.262,0,,,162,,,,,,,,,,,,,,,
LAD,NL,1987,635,675,-40,73,0.309,0.371,0.252,0,,,162,,,,,,,,,,,,,,,
MIL,AL,1987,862,817,45,91,0.346,0.428,0.276,0,,,162,,,,,,,,,,,,,,,
MIN,AL,1987,786,806,-20,85,0.328,0.43,0.261,1,4,1,162,,,,,,,,,,,,,,,
MON,NL,1987,741,720,21,91,0.328,0.401,0.265,0,,,162,,,,,,,,,,,,,,,
NYM,NL,1987,823,698,125,92,0.339,0.434,0.268,0,,,162,,,,,,,,,,,,,,,
NYY,AL,1987,788,758,30,89,0.336,0.418,0.262,0,,,162,,,,,,,,,,,,,,,
OAK,AL,1987,806,789,17,81,0.333,0.428,0.26,0,,,162,,,,,,,,,,,,,,,
PHI,NL,1987,702,749,-47,80,0.327,0.41,0.254,0,,,162,,,,,,,,,,,,,,,
PIT,NL,1987,723,744,-21,80,0.33,0.403,0.264,0,,,162,,,,,,,,,,,,,,,
SDP,NL,1987,668,763,-95,65,0.332,0.378,0.26,0,,,162,,,,,,,,,,,,,,,
SEA,AL,1987,760,801,-41,78,0.335,0.428,0.272,0,,,162,,,,,,,,,,,,,,,
SFG,NL,1987,783,669,114,90,0.324,0.43,0.26,1,3,3,162,,,,,,,,,,,,,,,
STL,NL,1987,798,693,105,95,0.34,0.378,0.263,1,2,2,162,,,,,,,,,,,,,,,
TEX,AL,1987,823,849,-26,75,0.333,0.43,0.266,0,,,162,,,,,,,,,,,,,,,
TOR,AL,1987,845,655,190,96,0.336,0.446,0.269,0,,,162,,,,,,,,,,,,,,,
ATL,NL,1986,615,719,-104,72,0.319,0.381,0.25,0,,,161,,,,,,,,,,,,,,,
BAL,AL,1986,708,760,-52,73,0.327,0.395,0.258,0,,,162,,,,,,,,,,,,,,,
BOS,AL,1986,794,696,98,95,0.346,0.415,0.271,1,3,2,161,,,,,,,,,,,,,,,
CAL,AL,1986,786,684,102,92,0.338,0.404,0.255,1,4,3,162,,,,,,,,,,,,,,,
CHC,NL,1986,680,781,-101,70,0.318,0.398,0.256,0,,,160,,,,,,,,,,,,,,,
CHW,AL,1986,644,699,-55,72,0.31,0.363,0.247,0,,,162,,,,,,,,,,,,,,,
CIN,NL,1986,732,717,15,86,0.325,0.387,0.254,0,,,162,,,,,,,,,,,,,,,
CLE,AL,1986,831,841,-10,84,0.337,0.43,0.284,0,,,163,,,,,,,,,,,,,,,
DET,AL,1986,798,714,84,87,0.338,0.424,0.263,0,,,162,,,,,,,,,,,,,,,
HOU,NL,1986,654,569,85,96,0.322,0.381,0.255,1,2,3,162,,,,,,,,,,,,,,,
KCR,AL,1986,654,673,-19,76,0.313,0.39,0.252,0,,,162,,,,,,,,,,,,,,,
LAD,NL,1986,638,679,-41,73,0.313,0.37,0.251,0,,,162,,,,,,,,,,,,,,,
MIL,AL,1986,667,734,-67,77,0.321,0.385,0.255,0,,,161,,,,,,,,,,,,,,,
MIN,AL,1986,741,839,-98,71,0.325,0.428,0.261,0,,,162,,,,,,,,,,,,,,,
MON,NL,1986,637,688,-51,78,0.322,0.379,0.254,0,,,161,,,,,,,,,,,,,,,
NYM,NL,1986,783,578,205,108,0.339,0.401,0.263,1,1,1,162,,,,,,,,,,,,,,,
NYY,AL,1986,797,738,59,90,0.347,0.43,0.271,0,,,162,,,,,,,,,,,,,,,
OAK,AL,1986,731,760,-29,76,0.322,0.39,0.252,0,,,162,,,,,,,,,,,,,,,
PHI,NL,1986,739,713,26,86,0.327,0.4,0.253,0,,,161,,,,,,,,,,,,,,,
PIT,NL,1986,663,700,-37,64,0.321,0.374,0.25,0,,,162,,,,,,,,,,,,,,,
SDP,NL,1986,656,723,-67,74,0.321,0.388,0.261,0,,,162,,,,,,,,,,,,,,,
SEA,AL,1986,718,835,-117,67,0.326,0.399,0.253,0,,,162,,,,,,,,,,,,,,,
SFG,NL,1986,698,618,80,83,0.322,0.375,0.253,0,,,162,,,,,,,,,,,,,,,
STL,NL,1986,601,611,-10,79,0.309,0.327,0.236,0,,,161,,,,,,,,,,,,,,,
TEX,AL,1986,771,743,28,87,0.331,0.428,0.267,0,,,162,,,,,,,,,,,,,,,
TOR,AL,1986,809,733,76,86,0.329,0.427,0.269,0,,,163,,,,,,,,,,,,,,,
ATL,NL,1985,632,781,-149,66,0.315,0.363,0.246,0,,,162,,,,,,,,,,,,,,,
BAL,AL,1985,818,764,54,83,0.336,0.43,0.263,0,,,161,,,,,,,,,,,,,,,
BOS,AL,1985,800,720,80,81,0.347,0.429,0.282,0,,,163,,,,,,,,,,,,,,,
CAL,AL,1985,732,703,29,90,0.333,0.386,0.251,0,,,162,,,,,,,,,,,,,,,
CHC,NL,1985,686,729,-43,77,0.324,0.39,0.254,0,,,162,,,,,,,,,,,,,,,
CHW,AL,1985,736,720,16,85,0.315,0.392,0.253,0,,,163,,,,,,,,,,,,,,,
CIN,NL,1985,677,666,11,89,0.327,0.376,0.255,0,,,162,,,,,,,,,,,,,,,
CLE,AL,1985,729,861,-132,60,0.324,0.385,0.265,0,,,162,,,,,,,,,,,,,,,
DET,AL,1985,729,688,41,84,0.318,0.424,0.253,0,,,161,,,,,,,,,,,,,,,
HOU,NL,1985,706,691,15,83,0.319,0.388,0.261,0,,,162,,,,,,,,,,,,,,,
KCR,AL,1985,687,639,48,91,0.313,0.401,0.252,1,4,1,162,,,,,,,,,,,,,,,
LAD,NL,1985,682,579,103,95,0.328,0.382,0.261,1,3,3,162,,,,,,,,,,,,,,,
MIL,AL,1985,690,802,-112,71,0.319,0.379,0.263,0,,,161,,,,,,,,,,,,,,,
MIN,AL,1985,705,782,-77,77,0.326,0.407,0.264,0,,,162,,,,,,,,,,,,,,,
MON,NL,1985,633,636,-3,84,0.31,0.375,0.247,0,,,161,,,,,,,,,,,,,,,
NYM,NL,1985,695,568,127,98,0.323,0.385,0.257,0,,,162,,,,,,,,,,,,,,,
NYY,AL,1985,839,660,179,97,0.344,0.425,0.267,0,,,161,,,,,,,,,,,,,,,
OAK,AL,1985,757,787,-30,77,0.325,0.401,0.264,0,,,162,,,,,,,,,,,,,,,
PHI,NL,1985,667,673,-6,75,0.312,0.383,0.245,0,,,162,,,,,,,,,,,,,,,
PIT,NL,1985,568,708,-140,57,0.311,0.347,0.247,0,,,161,,,,,,,,,,,,,,,
SDP,NL,1985,650,622,28,83,0.32,0.368,0.255,0,,,162,,,,,,,,,,,,,,,
SEA,AL,1985,719,818,-99,74,0.326,0.412,0.255,0,,,162,,,,,,,,,,,,,,,
SFG,NL,1985,556,674,-118,62,0.299,0.348,0.233,0,,,162,,,,,,,,,,,,,,,
STL,NL,1985,747,572,175,101,0.335,0.379,0.264,1,1,2,162,,,,,,,,,,,,,,,
TEX,AL,1985,617,785,-168,62,0.322,0.381,0.253,0,,,161,,,,,,,,,,,,,,,
TOR,AL,1985,759,588,171,99,0.331,0.425,0.269,1,2,3,161,,,,,,,,,,,,,,,
ATL,NL,1984,632,655,-23,80,0.317,0.361,0.247,0,,,162,,,,,,,,,,,,,,,
BAL,AL,1984,681,667,14,85,0.328,0.391,0.252,0,,,162,,,,,,,,,,,,,,,
BOS,AL,1984,810,764,46,86,0.341,0.441,0.283,0,,,162,,,,,,,,,,,,,,,
CAL,AL,1984,696,697,-1,81,0.319,0.381,0.249,0,,,162,,,,,,,,,,,,,,,
CHC,NL,1984,762,658,104,96,0.331,0.397,0.26,1,2,3,161,,,,,,,,,,,,,,,
CHW,AL,1984,679,736,-57,74,0.314,0.395,0.247,0,,,162,,,,,,,,,,,,,,,
CIN,NL,1984,627,747,-120,70,0.313,0.356,0.244,0,,,162,,,,,,,,,,,,,,,
CLE,AL,1984,761,766,-5,75,0.335,0.384,0.265,0,,,163,,,,,,,,,,,,,,,
DET,AL,1984,829,643,186,104,0.342,0.432,0.271,1,1,1,162,,,,,,,,,,,,,,,
HOU,NL,1984,693,630,63,80,0.323,0.371,0.264,0,,,162,,,,,,,,,,,,,,,
KCR,AL,1984,673,686,-13,84,0.317,0.399,0.268,1,4,3,162,,,,,,,,,,,,,,,
LAD,NL,1984,580,600,-20,79,0.306,0.348,0.244,0,,,162,,,,,,,,,,,,,,,
MIL,AL,1984,641,734,-93,67,0.317,0.37,0.262,0,,,161,,,,,,,,,,,,,,,
MIN,AL,1984,673,675,-2,81,0.318,0.385,0.265,0,,,162,,,,,,,,,,,,,,,
MON,NL,1984,593,585,8,78,0.312,0.362,0.251,0,,,161,,,,,,,,,,,,,,,
NYM,NL,1984,652,676,-24,90,0.32,0.369,0.257,0,,,162,,,,,,,,,,,,,,,
NYY,AL,1984,758,679,79,87,0.339,0.404,0.276,0,,,162,,,,,,,,,,,,,,,
OAK,AL,1984,738,796,-58,77,0.327,0.404,0.259,0,,,162,,,,,,,,,,,,,,,
PHI,NL,1984,720,690,30,81,0.333,0.407,0.266,0,,,162,,,,,,,,,,,,,,,
PIT,NL,1984,615,567,48,75,0.31,0.363,0.255,0,,,162,,,,,,,,,,,,,,,
SDP,NL,1984,686,634,52,92,0.317,0.371,0.259,1,3,2,162,,,,,,,,,,,,,,,
SEA,AL,1984,682,774,-92,74,0.324,0.384,0.258,0,,,162,,,,,,,,,,,,,,,
SFG,NL,1984,682,807,-125,66,0.328,0.375,0.265,0,,,162,,,,,,,,,,,,,,,
STL,NL,1984,652,645,7,84,0.317,0.351,0.252,0,,,162,,,,,,,,,,,,,,,
TEX,AL,1984,656,714,-58,69,0.313,0.377,0.261,0,,,161,,,,,,,,,,,,,,,
TOR,AL,1984,750,696,54,89,0.331,0.421,0.273,0,,,163,,,,,,,,,,,,,,,
ATL,NL,1983,746,640,106,88,0.341,0.4,0.272,0,,,162,,,,,,,,,,,,,,,
BAL,AL,1983,799,652,147,98,0.34,0.421,0.269,1,2,1,162,,,,,,,,,,,,,,,
BOS,AL,1983,724,775,-51,78,0.335,0.409,0.27,0,,,162,,,,,,,,,,,,,,,
CAL,AL,1983,722,779,-57,70,0.322,0.393,0.26,0,,,162,,,,,,,,,,,,,,,
CHC,NL,1983,701,719,-18,71,0.319,0.401,0.261,0,,,162,,,,,,,,,,,,,,,
CHW,AL,1983,800,650,150,99,0.329,0.413,0.262,1,1,3,162,,,,,,,,,,,,,,,
CIN,NL,1983,623,710,-87,74,0.314,0.356,0.239,0,,,162,,,,,,,,,,,,,,,
CLE,AL,1983,704,785,-81,70,0.338,0.369,0.265,0,,,162,,,,,,,,,,,,,,,
DET,AL,1983,789,679,110,92,0.335,0.427,0.274,0,,,162,,,,,,,,,,,,,,,
HOU,NL,1983,643,646,-3,85,0.32,0.375,0.257,0,,,162,,,,,,,,,,,,,,,
KCR,AL,1983,696,767,-71,79,0.32,0.397,0.271,0,,,163,,,,,,,,,,,,,,,
LAD,NL,1983,654,609,45,91,0.318,0.379,0.25,1,3,3,163,,,,,,,,,,,,,,,
MIL,AL,1983,764,708,56,87,0.333,0.418,0.277,0,,,162,,,,,,,,,,,,,,,
MIN,AL,1983,709,822,-113,70,0.319,0.401,0.261,0,,,162,,,,,,,,,,,,,,,
MON,NL,1983,677,646,31,82,0.326,0.386,0.264,0,,,163,,,,,,,,,,,,,,,
NYM,NL,1983,575,680,-105,68,0.3,0.344,0.241,0,,,162,,,,,,,,,,,,,,,
NYY,AL,1983,770,703,67,91,0.337,0.416,0.273,0,,,162,,,,,,,,,,,,,,,
OAK,AL,1983,708,782,-74,74,0.326,0.381,0.262,0,,,162,,,,,,,,,,,,,,,
PHI,NL,1983,696,635,61,90,0.329,0.373,0.249,1,4,2,163,,,,,,,,,,,,,,,
PIT,NL,1983,659,648,11,84,0.325,0.383,0.264,0,,,162,,,,,,,,,,,,,,,
SDP,NL,1983,653,653,0,81,0.311,0.351,0.25,0,,,163,,,,,,,,,,,,,,,
SEA,AL,1983,558,740,-182,60,0.301,0.36,0.24,0,,,162,,,,,,,,,,,,,,,
SFG,NL,1983,687,697,-10,79,0.325,0.375,0.247,0,,,162,,,,,,,,,,,,,,,
STL,NL,1983,679,710,-31,79,0.335,0.384,0.27,0,,,162,,,,,,,,,,,,,,,
TEX,AL,1983,639,609,30,77,0.31,0.366,0.255,0,,,163,,,,,,,,,,,,,,,
TOR,AL,1983,795,726,69,89,0.338,0.436,0.277,0,,,162,,,,,,,,,,,,,,,
ATL,NL,1982,739,702,37,89,0.325,0.383,0.256,1,4,3,162,,,,,,,,,,,,,,,
BAL,AL,1982,774,687,87,94,0.341,0.419,0.266,0,,,163,,,,,,,,,,,,,,,
BOS,AL,1982,753,713,40,89,0.34,0.407,0.274,0,,,162,,,,,,,,,,,,,,,
CAL,AL,1982,814,670,144,93,0.347,0.433,0.274,1,2,3,162,,,,,,,,,,,,,,,
CHC,NL,1982,676,709,-33,73,0.317,0.375,0.26,0,,,162,,,,,,,,,,,,,,,
CHW,AL,1982,786,710,76,87,0.337,0.413,0.273,0,,,162,,,,,,,,,,,,,,,
CIN,NL,1982,545,661,-116,61,0.31,0.35,0.251,0,,,162,,,,,,,,,,,,,,,
CLE,AL,1982,683,748,-65,78,0.341,0.373,0.262,0,,,162,,,,,,,,,,,,,,,
DET,AL,1982,729,685,44,83,0.324,0.418,0.266,0,,,162,,,,,,,,,,,,,,,
HOU,NL,1982,569,620,-51,77,0.302,0.349,0.247,0,,,162,,,,,,,,,,,,,,,
KCR,AL,1982,784,717,67,90,0.337,0.428,0.285,0,,,162,,,,,,,,,,,,,,,
LAD,NL,1982,691,612,79,88,0.327,0.388,0.264,0,,,162,,,,,,,,,,,,,,,
MIL,AL,1982,891,717,174,95,0.335,0.455,0.279,1,1,2,163,,,,,,,,,,,,,,,
MIN,AL,1982,657,819,-162,60,0.316,0.396,0.257,0,,,162,,,,,,,,,,,,,,,
MON,NL,1982,697,616,81,86,0.325,0.396,0.262,0,,,162,,,,,,,,,,,,,,,
NYM,NL,1982,609,723,-114,65,0.305,0.35,0.247,0,,,162,,,,,,,,,,,,,,,
NYY,AL,1982,709,716,-7,79,0.328,0.398,0.256,0,,,162,,,,,,,,,,,,,,,
OAK,AL,1982,691,819,-128,68,0.309,0.367,0.236,0,,,162,,,,,,,,,,,,,,,
PHI,NL,1982,664,654,10,89,0.323,0.376,0.26,0,,,162,,,,,,,,,,,,,,,
PIT,NL,1982,724,696,28,84,0.327,0.408,0.273,0,,,162,,,,,,,,,,,,,,,
SDP,NL,1982,675,658,17,81,0.311,0.359,0.257,0,,,162,,,,,,,,,,,,,,,
SEA,AL,1982,651,712,-61,76,0.311,0.381,0.254,0,,,162,,,,,,,,,,,,,,,
SFG,NL,1982,673,687,-14,87,0.327,0.376,0.253,0,,,162,,,,,,,,,,,,,,,
STL,NL,1982,685,609,76,92,0.334,0.364,0.264,1,3,1,162,,,,,,,,,,,,,,,
TEX,AL,1982,590,749,-159,64,0.308,0.359,0.249,0,,,162,,,,,,,,,,,,,,,
TOR,AL,1982,651,701,-50,78,0.314,0.383,0.262,0,,,162,,,,,,,,,,,,,,,
ATL,NL,1980,630,660,-30,81,0.307,0.38,0.25,0,,,161,,,,,,,,,,,,,,,
BAL,AL,1980,805,640,165,100,0.342,0.413,0.273,0,,,162,,,,,,,,,,,,,,,
BOS,AL,1980,757,767,-10,83,0.34,0.436,0.283,0,,,160,,,,,,,,,,,,,,,
CAL,AL,1980,698,797,-99,65,0.332,0.378,0.265,0,,,160,,,,,,,,,,,,,,,
CHC,NL,1980,614,728,-114,64,0.309,0.365,0.251,0,,,162,,,,,,,,,,,,,,,
CHW,AL,1980,587,722,-135,70,0.311,0.37,0.259,0,,,162,,,,,,,,,,,,,,,
CIN,NL,1980,707,670,37,89,0.327,0.386,0.262,0,,,163,,,,,,,,,,,,,,,
CLE,AL,1980,738,807,-69,79,0.35,0.381,0.277,0,,,160,,,,,,,,,,,,,,,
DET,AL,1980,830,757,73,84,0.348,0.409,0.273,0,,,163,,,,,,,,,,,,,,,
HOU,NL,1980,637,589,48,93,0.326,0.367,0.261,1,3,3,163,,,,,,,,,,,,,,,
KCR,AL,1980,809,694,115,97,0.345,0.413,0.286,1,2,2,162,,,,,,,,,,,,,,,
LAD,NL,1980,663,591,72,92,0.323,0.388,0.263,0,,,163,,,,,,,,,,,,,,,
MIL,AL,1980,811,682,129,86,0.329,0.448,0.275,0,,,162,,,,,,,,,,,,,,,
MIN,AL,1980,670,724,-54,77,0.319,0.381,0.265,0,,,161,,,,,,,,,,,,,,,
MON,NL,1980,694,629,65,90,0.324,0.388,0.257,0,,,162,,,,,,,,,,,,,,,
NYM,NL,1980,611,702,-91,67,0.319,0.345,0.257,0,,,162,,,,,,,,,,,,,,,
NYY,AL,1980,820,662,158,103,0.343,0.425,0.267,1,1,3,162,,,,,,,,,,,,,,,
OAK,AL,1980,686,642,44,83,0.322,0.385,0.259,0,,,162,,,,,,,,,,,,,,,
PHI,NL,1980,728,639,89,91,0.327,0.4,0.27,1,4,1,162,,,,,,,,,,,,,,,
PIT,NL,1980,666,646,20,83,0.322,0.388,0.266,0,,,162,,,,,,,,,,,,,,,
SDP,NL,1980,591,654,-63,73,0.324,0.342,0.255,0,,,163,,,,,,,,,,,,,,,
SEA,AL,1980,610,793,-183,59,0.308,0.356,0.248,0,,,163,,,,,,,,,,,,,,,
SFG,NL,1980,573,634,-61,75,0.308,0.342,0.244,0,,,161,,,,,,,,,,,,,,,
STL,NL,1980,738,710,28,74,0.328,0.4,0.275,0,,,162,,,,,,,,,,,,,,,
TEX,AL,1980,756,752,4,76,0.339,0.405,0.284,0,,,163,,,,,,,,,,,,,,,
TOR,AL,1980,624,762,-138,67,0.309,0.383,0.251,0,,,162,,,,,,,,,,,,,,,
ATL,NL,1979,669,763,-94,66,0.318,0.377,0.256,0,,,160,,,,,,,,,,,,,,,
BAL,AL,1979,757,582,175,102,0.336,0.419,0.261,1,1,2,159,,,,,,,,,,,,,,,
BOS,AL,1979,841,711,130,91,0.344,0.456,0.283,0,,,160,,,,,,,,,,,,,,,
CAL,AL,1979,866,768,98,88,0.351,0.429,0.282,1,4,3,162,,,,,,,,,,,,,,,
CHC,NL,1979,706,707,-1,80,0.329,0.403,0.269,0,,,162,,,,,,,,,,,,,,,
CHW,AL,1979,730,748,-18,73,0.333,0.41,0.275,0,,,160,,,,,,,,,,,,,,,
CIN,NL,1979,731,644,87,90,0.338,0.396,0.264,1,3,3,161,,,,,,,,,,,,,,,
CLE,AL,1979,760,805,-45,81,0.34,0.384,0.258,0,,,161,,,,,,,,,,,,,,,
DET,AL,1979,770,738,32,84,0.339,0.415,0.269,0,,,161,,,,,,,,,,,,,,,
HOU,NL,1979,583,582,1,89,0.315,0.344,0.256,0,,,162,,,,,,,,,,,,,,,
KCR,AL,1979,851,816,35,85,0.343,0.422,0.282,0,,,162,,,,,,,,,,,,,,,
LAD,NL,1979,739,717,22,79,0.331,0.412,0.263,0,,,162,,,,,,,,,,,,,,,
MIL,AL,1979,807,722,85,95,0.345,0.448,0.28,0,,,161,,,,,,,,,,,,,,,
MIN,AL,1979,764,725,39,82,0.341,0.402,0.278,0,,,162,,,,,,,,,,,,,,,
MON,NL,1979,701,581,120,95,0.319,0.408,0.264,0,,,160,,,,,,,,,,,,,,,
NYM,NL,1979,593,706,-113,63,0.313,0.35,0.25,0,,,163,,,,,,,,,,,,,,,
NYY,AL,1979,734,672,62,89,0.328,0.406,0.266,0,,,160,,,,,,,,,,,,,,,
OAK,AL,1979,573,860,-287,54,0.302,0.346,0.239,0,,,162,,,,,,,,,,,,,,,
PHI,NL,1979,683,718,-35,84,0.34,0.396,0.266,0,,,163,,,,,,,,,,,,,,,
PIT,NL,1979,775,643,132,98,0.33,0.416,0.272,1,2,1,163,,,,,,,,,,,,,,,
SDP,NL,1979,603,681,-78,68,0.311,0.348,0.242,0,,,161,,,,,,,,,,,,,,,
SEA,AL,1979,711,820,-109,67,0.331,0.404,0.269,0,,,162,,,,,,,,,,,,,,,
SFG,NL,1979,672,751,-79,71,0.319,0.365,0.246,0,,,162,,,,,,,,,,,,,,,
STL,NL,1979,731,693,38,86,0.331,0.401,0.278,0,,,163,,,,,,,,,,,,,,,
TEX,AL,1979,750,698,52,83,0.334,0.409,0.278,0,,,162,,,,,,,,,,,,,,,
TOR,AL,1979,613,862,-249,53,0.311,0.363,0.251,0,,,162,,,,,,,,,,,,,,,
ATL,NL,1978,600,750,-150,69,0.315,0.363,0.244,0,,,162,,,,,,,,,,,,,,,
BAL,AL,1978,659,633,26,90,0.326,0.396,0.258,0,,,161,,,,,,,,,,,,,,,
BOS,AL,1978,796,657,139,99,0.336,0.424,0.267,0,,,163,,,,,,,,,,,,,,,
CAL,AL,1978,691,666,25,87,0.33,0.37,0.259,0,,,162,,,,,,,,,,,,,,,
CHC,NL,1978,664,724,-60,79,0.331,0.361,0.264,0,,,162,,,,,,,,,,,,,,,
CHW,AL,1978,634,731,-97,71,0.317,0.379,0.264,0,,,161,,,,,,,,,,,,,,,
CIN,NL,1978,710,688,22,92,0.334,0.393,0.256,0,,,161,,,,,,,,,,,,,,,
CLE,AL,1978,639,694,-55,69,0.323,0.379,0.261,0,,,159,,,,,,,,,,,,,,,
DET,AL,1978,714,653,61,86,0.339,0.392,0.271,0,,,162,,,,,,,,,,,,,,,
HOU,NL,1978,605,634,-29,74,0.313,0.355,0.258,0,,,162,,,,,,,,,,,,,,,
KCR,AL,1978,743,634,109,92,0.329,0.399,0.268,1,3,3,162,,,,,,,,,,,,,,,
LAD,NL,1978,727,573,154,95,0.338,0.402,0.264,1,2,2,162,,,,,,,,,,,,,,,
MIL,AL,1978,804,650,154,93,0.339,0.432,0.276,0,,,162,,,,,,,,,,,,,,,
MIN,AL,1978,666,678,-12,73,0.339,0.375,0.267,0,,,162,,,,,,,,,,,,,,,
MON,NL,1978,633,611,22,76,0.306,0.379,0.254,0,,,162,,,,,,,,,,,,,,,
NYM,NL,1978,607,690,-83,66,0.314,0.352,0.245,0,,,162,,,,,,,,,,,,,,,
NYY,AL,1978,735,582,153,100,0.329,0.388,0.267,1,1,1,163,,,,,,,,,,,,,,,
OAK,AL,1978,532,690,-158,69,0.303,0.351,0.245,0,,,162,,,,,,,,,,,,,,,
PHI,NL,1978,708,586,122,90,0.328,0.388,0.258,1,4,3,162,,,,,,,,,,,,,,,
PIT,NL,1978,684,637,47,88,0.32,0.385,0.257,0,,,161,,,,,,,,,,,,,,,
SDP,NL,1978,591,598,-7,84,0.321,0.348,0.252,0,,,162,,,,,,,,,,,,,,,
SEA,AL,1978,614,834,-220,56,0.314,0.359,0.248,0,,,160,,,,,,,,,,,,,,,
SFG,NL,1978,613,594,19,89,0.318,0.374,0.248,0,,,162,,,,,,,,,,,,,,,
STL,NL,1978,600,657,-57,69,0.303,0.358,0.249,0,,,162,,,,,,,,,,,,,,,
TEX,AL,1978,692,632,60,87,0.332,0.381,0.253,0,,,162,,,,,,,,,,,,,,,
TOR,AL,1978,590,775,-185,59,0.308,0.359,0.25,0,,,161,,,,,,,,,,,,,,,
ATL,NL,1977,678,895,-217,61,0.32,0.376,0.254,0,,,162,,,,,,,,,,,,,,,
BAL,AL,1977,719,653,66,97,0.329,0.393,0.261,0,,,161,,,,,,,,,,,,,,,
BOS,AL,1977,859,712,147,97,0.345,0.465,0.281,0,,,161,,,,,,,,,,,,,,,
CAL,AL,1977,675,695,-20,74,0.324,0.386,0.255,0,,,162,,,,,,,,,,,,,,,
CHC,NL,1977,692,739,-47,81,0.33,0.387,0.266,0,,,162,,,,,,,,,,,,,,,
CHW,AL,1977,844,771,73,90,0.344,0.444,0.278,0,,,162,,,,,,,,,,,,,,,
CIN,NL,1977,802,725,77,88,0.345,0.436,0.274,0,,,162,,,,,,,,,,,,,,,
CLE,AL,1977,676,739,-63,71,0.334,0.38,0.269,0,,,161,,,,,,,,,,,,,,,
DET,AL,1977,714,751,-37,74,0.318,0.41,0.264,0,,,162,,,,,,,,,,,,,,,
HOU,NL,1977,680,650,30,81,0.32,0.385,0.254,0,,,162,,,,,,,,,,,,,,,
KCR,AL,1977,822,651,171,102,0.34,0.436,0.277,1,1,3,162,,,,,,,,,,,,,,,
LAD,NL,1977,769,582,187,98,0.336,0.418,0.266,1,4,2,162,,,,,,,,,,,,,,,
MIL,AL,1977,639,765,-126,67,0.314,0.389,0.258,0,,,162,,,,,,,,,,,,,,,
MIN,AL,1977,867,776,91,84,0.348,0.417,0.282,0,,,161,,,,,,,,,,,,,,,
MON,NL,1977,665,736,-71,75,0.318,0.402,0.26,0,,,162,,,,,,,,,,,,,,,
NYM,NL,1977,587,663,-76,64,0.313,0.346,0.244,0,,,162,,,,,,,,,,,,,,,
NYY,AL,1977,831,651,180,100,0.344,0.444,0.281,1,3,1,162,,,,,,,,,,,,,,,
OAK,AL,1977,605,749,-144,63,0.308,0.352,0.24,0,,,161,,,,,,,,,,,,,,,
PHI,NL,1977,847,668,179,101,0.346,0.448,0.279,1,2,3,162,,,,,,,,,,,,,,,
PIT,NL,1977,734,665,69,96,0.331,0.413,0.274,0,,,162,,,,,,,,,,,,,,,
SDP,NL,1977,692,834,-142,69,0.324,0.375,0.249,0,,,162,,,,,,,,,,,,,,,
SEA,AL,1977,624,855,-231,64,0.312,0.381,0.256,0,,,162,,,,,,,,,,,,,,,
SFG,NL,1977,673,711,-38,75,0.323,0.383,0.253,0,,,162,,,,,,,,,,,,,,,
STL,NL,1977,737,688,49,83,0.33,0.388,0.27,0,,,162,,,,,,,,,,,,,,,
TEX,AL,1977,767,657,110,94,0.342,0.405,0.27,0,,,162,,,,,,,,,,,,,,,
TOR,AL,1977,605,822,-217,54,0.316,0.365,0.252,0,,,161,,,,,,,,,,,,,,,
ATL,NL,1976,620,700,-80,70,0.32,0.334,0.245,0,,,162,,,,,,,,,,,,,,,
BAL,AL,1976,619,598,21,88,0.31,0.358,0.243,0,,,162,,,,,,,,,,,,,,,
BOS,AL,1976,716,660,56,83,0.324,0.402,0.263,0,,,162,,,,,,,,,,,,,,,
CAL,AL,1976,550,631,-81,76,0.306,0.318,0.235,0,,,162,,,,,,,,,,,,,,,
CHC,NL,1976,611,728,-117,75,0.313,0.356,0.251,0,,,162,,,,,,,,,,,,,,,
CHW,AL,1976,586,745,-159,64,0.314,0.349,0.255,0,,,161,,,,,,,,,,,,,,,
CIN,NL,1976,857,633,224,102,0.357,0.424,0.28,1,1,1,162,,,,,,,,,,,,,,,
CLE,AL,1976,615,615,0,81,0.321,0.359,0.263,0,,,159,,,,,,,,,,,,,,,
DET,AL,1976,609,709,-100,74,0.315,0.365,0.257,0,,,161,,,,,,,,,,,,,,,
HOU,NL,1976,625,657,-32,80,0.322,0.347,0.256,0,,,162,,,,,,,,,,,,,,,
KCR,AL,1976,713,611,102,90,0.327,0.371,0.269,1,4,3,162,,,,,,,,,,,,,,,
LAD,NL,1976,608,543,65,92,0.313,0.349,0.251,0,,,162,,,,,,,,,,,,,,,
MIL,AL,1976,570,655,-85,66,0.311,0.34,0.246,0,,,161,,,,,,,,,,,,,,,
MIN,AL,1976,743,704,39,85,0.341,0.375,0.274,0,,,162,,,,,,,,,,,,,,,
MON,NL,1976,531,734,-203,55,0.291,0.34,0.235,0,,,162,,,,,,,,,,,,,,,
NYM,NL,1976,615,538,77,86,0.319,0.352,0.246,0,,,162,,,,,,,,,,,,,,,
NYY,AL,1976,730,575,155,97,0.328,0.389,0.269,1,3,2,159,,,,,,,,,,,,,,,
OAK,AL,1976,686,598,88,87,0.323,0.361,0.246,0,,,161,,,,,,,,,,,,,,,
PHI,NL,1976,770,557,213,101,0.338,0.395,0.272,1,2,3,162,,,,,,,,,,,,,,,
PIT,NL,1976,708,630,78,92,0.321,0.391,0.267,0,,,162,,,,,,,,,,,,,,,
SDP,NL,1976,570,662,-92,73,0.31,0.337,0.247,0,,,162,,,,,,,,,,,,,,,
SFG,NL,1976,595,686,-91,74,0.312,0.345,0.246,0,,,162,,,,,,,,,,,,,,,
STL,NL,1976,629,671,-42,72,0.323,0.359,0.26,0,,,162,,,,,,,,,,,,,,,
TEX,AL,1976,616,652,-36,76,0.321,0.341,0.25,0,,,162,,,,,,,,,,,,,,,
ATL,NL,1975,583,739,-156,67,0.313,0.346,0.244,0,,,161,,,,,,,,,,,,,,,
BAL,AL,1975,682,553,129,90,0.326,0.373,0.252,0,,,159,,,,,,,,,,,,,,,
BOS,AL,1975,796,709,87,95,0.344,0.417,0.275,1,3,2,160,,,,,,,,,,,,,,,
CAL,AL,1975,628,723,-95,72,0.322,0.328,0.246,0,,,161,,,,,,,,,,,,,,,
CHC,NL,1975,712,827,-115,75,0.338,0.368,0.259,0,,,162,,,,,,,,,,,,,,,
CHW,AL,1975,655,703,-48,75,0.331,0.358,0.255,0,,,161,,,,,,,,,,,,,,,
CIN,NL,1975,840,586,254,108,0.353,0.401,0.271,1,1,1,162,,,,,,,,,,,,,,,
CLE,AL,1975,688,703,-15,79,0.327,0.392,0.261,0,,,159,,,,,,,,,,,,,,,
DET,AL,1975,570,786,-216,57,0.301,0.366,0.249,0,,,159,,,,,,,,,,,,,,,
HOU,NL,1975,664,711,-47,64,0.32,0.359,0.254,0,,,162,,,,,,,,,,,,,,,
KCR,AL,1975,710,649,61,91,0.333,0.394,0.261,0,,,162,,,,,,,,,,,,,,,
LAD,NL,1975,648,534,114,88,0.325,0.365,0.248,0,,,162,,,,,,,,,,,,,,,
MIL,AL,1975,675,792,-117,68,0.32,0.389,0.25,0,,,162,,,,,,,,,,,,,,,
MIN,AL,1975,724,736,-12,76,0.341,0.386,0.271,0,,,159,,,,,,,,,,,,,,,
MON,NL,1975,601,690,-89,75,0.317,0.348,0.244,0,,,162,,,,,,,,,,,,,,,
NYM,NL,1975,646,625,21,82,0.319,0.361,0.256,0,,,162,,,,,,,,,,,,,,,
NYY,AL,1975,681,588,93,83,0.325,0.382,0.264,0,,,160,,,,,,,,,,,,,,,
OAK,AL,1975,758,606,152,98,0.333,0.391,0.254,1,2,3,162,,,,,,,,,,,,,,,
PHI,NL,1975,735,694,41,86,0.342,0.402,0.269,0,,,162,,,,,,,,,,,,,,,
PIT,NL,1975,712,565,147,92,0.323,0.402,0.263,1,4,3,161,,,,,,,,,,,,,,,
SDP,NL,1975,552,683,-131,71,0.31,0.335,0.244,0,,,162,,,,,,,,,,,,,,,
SFG,NL,1975,659,671,-12,80,0.333,0.365,0.259,0,,,161,,,,,,,,,,,,,,,
STL,NL,1975,662,689,-27,82,0.327,0.375,0.273,0,,,163,,,,,,,,,,,,,,,
TEX,AL,1975,714,733,-19,79,0.33,0.371,0.256,0,,,162,,,,,,,,,,,,,,,
ATL,NL,1974,661,563,98,88,0.319,0.363,0.249,0,,,163,,,,,,,,,,,,,,,
BAL,AL,1974,659,612,47,91,0.322,0.37,0.256,1,2,3,162,,,,,,,,,,,,,,,
BOS,AL,1974,696,661,35,84,0.333,0.377,0.264,0,,,162,,,,,,,,,,,,,,,
CAL,AL,1974,618,657,-39,68,0.321,0.356,0.254,0,,,163,,,,,,,,,,,,,,,
CHC,NL,1974,669,826,-157,66,0.327,0.365,0.251,0,,,162,,,,,,,,,,,,,,,
CHW,AL,1974,684,721,-37,80,0.33,0.389,0.268,0,,,163,,,,,,,,,,,,,,,
CIN,NL,1974,776,631,145,98,0.343,0.394,0.26,0,,,163,,,,,,,,,,,,,,,
CLE,AL,1974,662,694,-32,77,0.311,0.37,0.255,0,,,162,,,,,,,,,,,,,,,
DET,AL,1974,620,768,-148,72,0.303,0.366,0.247,0,,,162,,,,,,,,,,,,,,,
HOU,NL,1974,653,632,21,81,0.322,0.378,0.263,0,,,162,,,,,,,,,,,,,,,
KCR,AL,1974,667,662,5,77,0.327,0.364,0.259,0,,,162,,,,,,,,,,,,,,,
LAD,NL,1974,798,561,237,102,0.342,0.401,0.272,1,1,2,162,,,,,,,,,,,,,,,
MIL,AL,1974,647,660,-13,76,0.309,0.369,0.244,0,,,162,,,,,,,,,,,,,,,
MIN,AL,1974,673,669,4,82,0.336,0.378,0.272,0,,,163,,,,,,,,,,,,,,,
MON,NL,1974,662,657,5,79,0.335,0.35,0.254,0,,,161,,,,,,,,,,,,,,,
NYM,NL,1974,572,646,-74,71,0.311,0.329,0.235,0,,,162,,,,,,,,,,,,,,,
NYY,AL,1974,671,623,48,89,0.324,0.368,0.263,0,,,162,,,,,,,,,,,,,,,
OAK,AL,1974,689,551,138,90,0.321,0.373,0.247,1,3,1,162,,,,,,,,,,,,,,,
PHI,NL,1974,676,701,-25,80,0.32,0.373,0.261,0,,,162,,,,,,,,,,,,,,,
PIT,NL,1974,751,657,94,88,0.335,0.391,0.274,1,4,3,162,,,,,,,,,,,,,,,
SDP,NL,1974,541,830,-289,60,0.302,0.33,0.229,0,,,162,,,,,,,,,,,,,,,
SFG,NL,1974,634,723,-89,72,0.322,0.358,0.252,0,,,162,,,,,,,,,,,,,,,
STL,NL,1974,677,643,34,86,0.331,0.365,0.265,0,,,161,,,,,,,,,,,,,,,
TEX,AL,1974,690,698,-8,83,0.336,0.377,0.272,0,,,161,,,,,,,,,,,,,,,
ATL,NL,1973,799,774,25,76,0.339,0.427,0.266,0,,,162,,,,,,,,,,,,,,,
BAL,AL,1973,754,561,193,97,0.345,0.389,0.266,1,2,3,162,,,,,,,,,,,,,,,
BOS,AL,1973,738,647,91,89,0.338,0.401,0.267,0,,,162,,,,,,,,,,,,,,,
CAL,AL,1973,629,657,-28,79,0.318,0.348,0.253,0,,,162,,,,,,,,,,,,,,,
CHC,NL,1973,614,655,-41,77,0.32,0.357,0.247,0,,,161,,,,,,,,,,,,,,,
CHW,AL,1973,652,705,-53,77,0.324,0.372,0.256,0,,,162,,,,,,,,,,,,,,,
CIN,NL,1973,741,621,120,99,0.332,0.383,0.254,1,1,3,162,,,,,,,,,,,,,,,
CLE,AL,1973,680,826,-146,71,0.315,0.387,0.256,0,,,162,,,,,,,,,,,,,,,
DET,AL,1973,642,674,-32,85,0.32,0.39,0.254,0,,,162,,,,,,,,,,,,,,,
HOU,NL,1973,681,672,9,82,0.312,0.376,0.251,0,,,162,,,,,,,,,,,,,,,
KCR,AL,1973,755,752,3,88,0.339,0.381,0.261,0,,,162,,,,,,,,,,,,,,,
LAD,NL,1973,675,565,110,95,0.323,0.371,0.263,0,,,162,,,,,,,,,,,,,,,
MIL,AL,1973,708,731,-23,74,0.325,0.388,0.253,0,,,162,,,,,,,,,,,,,,,
MIN,AL,1973,738,692,46,81,0.342,0.393,0.27,0,,,162,,,,,,,,,,,,,,,
MON,NL,1973,668,702,-34,79,0.34,0.364,0.251,0,,,162,,,,,,,,,,,,,,,
NYM,NL,1973,608,588,20,82,0.315,0.338,0.246,1,4,2,161,,,,,,,,,,,,,,,
NYY,AL,1973,641,610,31,80,0.322,0.378,0.261,0,,,162,,,,,,,,,,,,,,,
OAK,AL,1973,758,615,143,94,0.333,0.389,0.26,1,3,1,162,,,,,,,,,,,,,,,
PHI,NL,1973,642,717,-75,71,0.31,0.371,0.249,0,,,162,,,,,,,,,,,,,,,
PIT,NL,1973,704,693,11,80,0.315,0.405,0.261,0,,,162,,,,,,,,,,,,,,,
SDP,NL,1973,548,770,-222,60,0.296,0.351,0.244,0,,,162,,,,,,,,,,,,,,,
SFG,NL,1973,739,702,37,88,0.335,0.407,0.262,0,,,162,,,,,,,,,,,,,,,
STL,NL,1973,643,603,40,81,0.325,0.357,0.259,0,,,162,,,,,,,,,,,,,,,
TEX,AL,1973,619,844,-225,57,0.318,0.361,0.255,0,,,162,,,,,,,,,,,,,,,
ATL,NL,1971,643,699,-56,82,0.312,0.385,0.257,0,,,162,,,,,,,,,,,,,,,
BAL,AL,1971,742,530,212,101,0.347,0.398,0.261,1,1,2,158,,,,,,,,,,,,,,,
BOS,AL,1971,691,667,24,85,0.322,0.397,0.252,0,,,162,,,,,,,,,,,,,,,
CAL,AL,1971,511,576,-65,76,0.29,0.329,0.231,0,,,162,,,,,,,,,,,,,,,
CHC,NL,1971,637,648,-11,83,0.325,0.378,0.258,0,,,162,,,,,,,,,,,,,,,
CHW,AL,1971,617,597,20,79,0.325,0.373,0.25,0,,,162,,,,,,,,,,,,,,,
CIN,NL,1971,586,581,5,79,0.3,0.366,0.241,0,,,162,,,,,,,,,,,,,,,
CLE,AL,1971,543,747,-204,60,0.3,0.342,0.238,0,,,162,,,,,,,,,,,,,,,
DET,AL,1971,701,645,56,91,0.325,0.405,0.254,0,,,162,,,,,,,,,,,,,,,
HOU,NL,1971,585,567,18,79,0.302,0.34,0.24,0,,,162,,,,,,,,,,,,,,,
KCR,AL,1971,603,566,37,85,0.313,0.353,0.25,0,,,161,,,,,,,,,,,,,,,
LAD,NL,1971,663,587,76,89,0.325,0.37,0.266,0,,,162,,,,,,,,,,,,,,,
MIL,AL,1971,534,609,-75,69,0.304,0.329,0.229,0,,,161,,,,,,,,,,,,,,,
MIN,AL,1971,654,670,-16,74,0.323,0.372,0.26,0,,,160,,,,,,,,,,,,,,,
MON,NL,1971,622,729,-107,71,0.322,0.343,0.246,0,,,162,,,,,,,,,,,,,,,
NYM,NL,1971,588,550,38,83,0.319,0.351,0.249,0,,,162,,,,,,,,,,,,,,,
NYY,AL,1971,648,641,7,81,0.328,0.36,0.254,0,,,162,,,,,,,,,,,,,,,
OAK,AL,1971,691,564,127,101,0.321,0.384,0.252,1,1,3,161,,,,,,,,,,,,,,,
PHI,NL,1971,558,688,-130,67,0.298,0.35,0.233,0,,,162,,,,,,,,,,,,,,,
PIT,NL,1971,788,599,189,97,0.33,0.416,0.274,1,2,1,162,,,,,,,,,,,,,,,
SDP,NL,1971,486,610,-124,61,0.293,0.332,0.233,0,,,161,,,,,,,,,,,,,,,
SFG,NL,1971,706,644,62,90,0.329,0.378,0.247,1,3,3,162,,,,,,,,,,,,,,,
STL,NL,1971,739,699,40,90,0.338,0.385,0.275,0,,,163,,,,,,,,,,,,,,,
WSA,AL,1971,537,660,-123,63,0.307,0.326,0.23,0,,,159,,,,,,,,,,,,,,,
ATL,NL,1970,736,772,-36,76,0.334,0.404,0.27,0,,,162,,,,,,,,,,,,,,,
BAL,AL,1970,792,574,218,108,0.344,0.401,0.257,1,1,1,162,,,,,,,,,,,,,,,
BOS,AL,1970,786,722,64,87,0.335,0.428,0.262,0,,,162,,,,,,,,,,,,,,,
CAL,AL,1970,631,630,1,86,0.309,0.363,0.251,0,,,162,,,,,,,,,,,,,,,
CHC,NL,1970,806,679,127,84,0.333,0.415,0.259,0,,,162,,,,,,,,,,,,,,,
CHW,AL,1970,633,822,-189,56,0.315,0.362,0.253,0,,,162,,,,,,,,,,,,,,,
CIN,NL,1970,775,681,94,102,0.336,0.436,0.27,1,2,2,162,,,,,,,,,,,,,,,
CLE,AL,1970,649,675,-26,76,0.314,0.394,0.249,0,,,162,,,,,,,,,,,,,,,
DET,AL,1970,666,731,-65,79,0.322,0.374,0.238,0,,,162,,,,,,,,,,,,,,,
HOU,NL,1970,744,763,-19,79,0.332,0.391,0.259,0,,,162,,,,,,,,,,,,,,,
KCR,AL,1970,611,705,-94,65,0.309,0.348,0.244,0,,,162,,,,,,,,,,,,,,,
LAD,NL,1970,749,684,65,87,0.334,0.382,0.27,0,,,161,,,,,,,,,,,,,,,
MIL,AL,1970,613,751,-138,65,0.319,0.358,0.242,0,,,163,,,,,,,,,,,,,,,
MIN,AL,1970,744,605,139,98,0.327,0.403,0.262,1,3,3,162,,,,,,,,,,,,,,,
MON,NL,1970,687,807,-120,73,0.323,0.365,0.237,0,,,162,,,,,,,,,,,,,,,
NYM,NL,1970,695,630,65,83,0.333,0.37,0.249,0,,,162,,,,,,,,,,,,,,,
NYY,AL,1970,680,612,68,93,0.324,0.365,0.251,0,,,163,,,,,,,,,,,,,,,
OAK,AL,1970,678,593,85,89,0.325,0.392,0.249,0,,,162,,,,,,,,,,,,,,,
PHI,NL,1970,594,730,-136,73,0.305,0.356,0.238,0,,,161,,,,,,,,,,,,,,,
PIT,NL,1970,729,664,65,89,0.325,0.406,0.27,1,4,3,162,,,,,,,,,,,,,,,
SDP,NL,1970,681,788,-107,63,0.312,0.391,0.246,0,,,162,,,,,,,,,,,,,,,
SFG,NL,1970,831,826,5,86,0.351,0.409,0.262,0,,,162,,,,,,,,,,,,,,,
STL,NL,1970,744,747,-3,76,0.331,0.379,0.263,0,,,162,,,,,,,,,,,,,,,
WSA,AL,1970,626,689,-63,70,0.321,0.358,0.238,0,,,162,,,,,,,,,,,,,,,
ATL,NL,1969,691,631,60,93,0.321,0.38,0.258,1,4,3,162,,,,,,,,,,,,,,,
BAL,AL,1969,779,517,262,109,0.343,0.414,0.265,1,1,2,162,,,,,,,,,,,,,,,
BOS,AL,1969,743,736,7,87,0.333,0.415,0.251,0,,,162,,,,,,,,,,,,,,,
CAL,AL,1969,528,652,-124,71,0.3,0.319,0.23,0,,,163,,,,,,,,,,,,,,,
CHC,NL,1969,720,611,109,92,0.323,0.384,0.253,0,,,163,,,,,,,,,,,,,,,
CHW,AL,1969,625,723,-98,68,0.32,0.357,0.247,0,,,162,,,,,,,,,,,,,,,
CIN,NL,1969,798,768,30,89,0.335,0.422,0.277,0,,,163,,,,,,,,,,,,,,,
CLE,AL,1969,573,717,-144,62,0.307,0.345,0.237,0,,,161,,,,,,,,,,,,,,,
DET,AL,1969,701,601,100,90,0.316,0.387,0.242,0,,,162,,,,,,,,,,,,,,,
HOU,NL,1969,676,668,8,81,0.33,0.352,0.24,0,,,162,,,,,,,,,,,,,,,
KCR,AL,1969,586,688,-102,69,0.309,0.338,0.24,0,,,163,,,,,,,,,,,,,,,
LAD,NL,1969,645,561,84,85,0.315,0.359,0.254,0,,,162,,,,,,,,,,,,,,,
MIN,AL,1969,790,618,172,97,0.34,0.408,0.268,1,3,3,162,,,,,,,,,,,,,,,
MON,NL,1969,582,791,-209,52,0.31,0.359,0.24,0,,,162,,,,,,,,,,,,,,,
NYM,NL,1969,632,541,91,100,0.311,0.351,0.242,1,2,1,162,,,,,,,,,,,,,,,
NYY,AL,1969,562,587,-25,80,0.308,0.344,0.235,0,,,162,,,,,,,,,,,,,,,
OAK,AL,1969,740,678,62,88,0.329,0.376,0.249,0,,,162,,,,,,,,,,,,,,,
PHI,NL,1969,645,745,-100,63,0.312,0.372,0.241,0,,,162,,,,,,,,,,,,,,,
PIT,NL,1969,725,652,73,88,0.334,0.398,0.277,0,,,162,,,,,,,,,,,,,,,
SDP,NL,1969,468,746,-278,52,0.285,0.329,0.225,0,,,162,,,,,,,,,,,,,,,
SEP,AL,1969,639,799,-160,64,0.316,0.346,0.234,0,,,163,,,,,,,,,,,,,,,
SFG,NL,1969,713,636,77,90,0.334,0.361,0.242,0,,,162,,,,,,,,,,,,,,,
STL,NL,1969,595,540,55,87,0.316,0.359,0.253,0,,,162,,,,,,,,,,,,,,,
WSA,AL,1969,694,644,50,86,0.33,0.378,0.251,0,,,162,,,,,,,,,,,,,,,
ATL,NL,1968,514,549,-35,81,0.307,0.339,0.252,0,,,163,,,,,,,,,,,,,,,
BAL,AL,1968,579,497,82,91,0.304,0.352,0.225,0,,,162,,,,,,,,,,,,,,,
BOS,AL,1968,614,611,3,86,0.313,0.352,0.236,0,,,162,,,,,,,,,,,,,,,
CAL,AL,1968,498,615,-117,67,0.291,0.318,0.227,0,,,162,,,,,,,,,,,,,,,
CHC,NL,1968,612,611,1,84,0.298,0.366,0.242,0,,,163,,,,,,,,,,,,,,,
CHW,AL,1968,463,527,-64,67,0.284,0.311,0.228,0,,,162,,,,,,,,,,,,,,,
CIN,NL,1968,690,673,17,83,0.32,0.389,0.273,0,,,163,,,,,,,,,,,,,,,
CLE,AL,1968,516,504,12,86,0.293,0.327,0.234,0,,,162,,,,,,,,,,,,,,,
DET,AL,1968,671,492,179,103,0.307,0.385,0.235,1,1,1,164,,,,,,,,,,,,,,,
HOU,NL,1968,510,588,-78,72,0.298,0.317,0.231,0,,,162,,,,,,,,,,,,,,,
LAD,NL,1968,470,509,-39,76,0.289,0.319,0.23,0,,,162,,,,,,,,,,,,,,,
MIN,AL,1968,562,546,16,79,0.299,0.35,0.237,0,,,162,,,,,,,,,,,,,,,
NYM,NL,1968,473,499,-26,73,0.281,0.315,0.228,0,,,163,,,,,,,,,,,,,,,
NYY,AL,1968,536,531,5,83,0.292,0.318,0.214,0,,,164,,,,,,,,,,,,,,,
OAK,AL,1968,569,544,25,82,0.304,0.343,0.24,0,,,163,,,,,,,,,,,,,,,
PHI,NL,1968,543,615,-72,76,0.294,0.333,0.233,0,,,162,,,,,,,,,,,,,,,
PIT,NL,1968,583,532,51,80,0.306,0.343,0.252,0,,,163,,,,,,,,,,,,,,,
SFG,NL,1968,599,529,70,88,0.307,0.341,0.239,0,,,163,,,,,,,,,,,,,,,
STL,NL,1968,583,472,111,97,0.298,0.346,0.249,1,2,2,162,,,,,,,,,,,,,,,
WSA,AL,1968,524,665,-141,65,0.287,0.336,0.224,0,,,161,,,,,,,,,,,,,,,
ATL,NL,1967,631,640,-9,77,0.307,0.372,0.24,0,,,162,,,,,,,,,,,,,,,
BAL,AL,1967,654,592,62,76,0.31,0.372,0.24,0,,,161,,,,,,,,,,,,,,,
BOS,AL,1967,722,614,108,92,0.321,0.395,0.255,1,2,2,162,,,,,,,,,,,,,,,
CAL,AL,1967,567,587,-20,84,0.301,0.349,0.238,0,,,161,,,,,,,,,,,,,,,
CHC,NL,1967,702,624,78,87,0.316,0.378,0.251,0,,,162,,,,,,,,,,,,,,,
CHW,AL,1967,531,491,40,89,0.291,0.32,0.225,0,,,162,,,,,,,,,,,,,,,
CIN,NL,1967,604,563,41,87,0.297,0.372,0.248,0,,,162,,,,,,,,,,,,,,,
CLE,AL,1967,559,613,-54,75,0.293,0.359,0.235,0,,,162,,,,,,,,,,,,,,,
DET,AL,1967,683,587,96,91,0.325,0.376,0.243,0,,,163,,,,,,,,,,,,,,,
HOU,NL,1967,626,742,-116,69,0.317,0.364,0.249,0,,,162,,,,,,,,,,,,,,,
KCA,AL,1967,533,660,-127,62,0.296,0.33,0.233,0,,,161,,,,,,,,,,,,,,,
LAD,NL,1967,519,595,-76,73,0.301,0.332,0.236,0,,,162,,,,,,,,,,,,,,,
MIN,AL,1967,671,590,81,91,0.309,0.369,0.24,0,,,164,,,,,,,,,,,,,,,
NYM,NL,1967,498,672,-174,61,0.288,0.325,0.238,0,,,162,,,,,,,,,,,,,,,
NYY,AL,1967,522,621,-99,72,0.296,0.317,0.225,0,,,163,,,,,,,,,,,,,,,
PHI,NL,1967,612,581,31,82,0.313,0.357,0.242,0,,,162,,,,,,,,,,,,,,,
PIT,NL,1967,679,693,-14,81,0.324,0.38,0.277,0,,,163,,,,,,,,,,,,,,,
SFG,NL,1967,652,551,101,91,0.313,0.372,0.245,0,,,162,,,,,,,,,,,,,,,
STL,NL,1967,695,557,138,101,0.32,0.379,0.263,1,1,1,161,,,,,,,,,,,,,,,
WSA,AL,1967,550,637,-87,76,0.288,0.326,0.223,0,,,161,,,,,,,,,,,,,,,
ATL,NL,1966,782,683,99,85,0.326,0.424,0.263,0,,,163,,,,,,,,,,,,,,,
BAL,AL,1966,755,601,154,97,0.324,0.409,0.258,1,1,1,160,,,,,,,,,,,,,,,
BOS,AL,1966,655,731,-76,72,0.31,0.376,0.24,0,,,162,,,,,,,,,,,,,,,
CAL,AL,1966,604,643,-39,80,0.303,0.354,0.232,0,,,162,,,,,,,,,,,,,,,
CHC,NL,1966,644,809,-165,59,0.313,0.38,0.254,0,,,162,,,,,,,,,,,,,,,
CHW,AL,1966,574,517,57,83,0.297,0.331,0.231,0,,,163,,,,,,,,,,,,,,,
CIN,NL,1966,692,702,-10,76,0.309,0.395,0.26,0,,,160,,,,,,,,,,,,,,,
CLE,AL,1966,574,586,-12,81,0.297,0.36,0.237,0,,,162,,,,,,,,,,,,,,,
DET,AL,1966,719,698,21,88,0.321,0.406,0.251,0,,,162,,,,,,,,,,,,,,,
HOU,NL,1966,612,695,-83,72,0.318,0.365,0.255,0,,,163,,,,,,,,,,,,,,,
KCA,AL,1966,564,648,-84,74,0.294,0.337,0.236,0,,,160,,,,,,,,,,,,,,,
LAD,NL,1966,606,490,116,95,0.314,0.362,0.256,1,2,2,162,,,,,,,,,,,,,,,
MIN,AL,1966,663,581,82,89,0.316,0.382,0.249,0,,,162,,,,,,,,,,,,,,,
NYM,NL,1966,587,761,-174,66,0.301,0.342,0.239,0,,,161,,,,,,,,,,,,,,,
NYY,AL,1966,611,612,-1,70,0.299,0.374,0.235,0,,,160,,,,,,,,,,,,,,,
PHI,NL,1966,696,640,56,87,0.322,0.378,0.258,0,,,162,,,,,,,,,,,,,,,
PIT,NL,1966,759,641,118,92,0.329,0.428,0.279,0,,,162,,,,,,,,,,,,,,,
SFG,NL,1966,675,626,49,93,0.303,0.392,0.248,0,,,161,,,,,,,,,,,,,,,
STL,NL,1966,571,577,-6,83,0.298,0.368,0.251,0,,,162,,,,,,,,,,,,,,,
WSA,AL,1966,557,659,-102,71,0.295,0.355,0.234,0,,,159,,,,,,,,,,,,,,,
BAL,AL,1965,641,578,63,94,0.307,0.363,0.238,0,,,162,,,,,,,,,,,,,,,
BOS,AL,1965,669,791,-122,62,0.327,0.4,0.251,0,,,162,,,,,,,,,,,,,,,
CAL,AL,1965,527,569,-42,75,0.297,0.341,0.239,0,,,162,,,,,,,,,,,,,,,
CHC,NL,1965,635,723,-88,72,0.307,0.358,0.238,0,,,164,,,,,,,,,,,,,,,
CHW,AL,1965,647,555,92,95,0.315,0.364,0.246,0,,,162,,,,,,,,,,,,,,,
CIN,NL,1965,825,704,121,89,0.339,0.439,0.273,0,,,162,,,,,,,,,,,,,,,
CLE,AL,1965,663,613,50,87,0.315,0.379,0.25,0,,,162,,,,,,,,,,,,,,,
DET,AL,1965,680,602,78,89,0.312,0.374,0.238,0,,,162,,,,,,,,,,,,,,,
HOU,NL,1965,569,711,-142,65,0.305,0.34,0.237,0,,,162,,,,,,,,,,,,,,,
KCA,AL,1965,585,755,-170,59,0.309,0.358,0.24,0,,,162,,,,,,,,,,,,,,,
LAD,NL,1965,608,521,87,97,0.312,0.335,0.245,1,2,1,162,,,,,,,,,,,,,,,
MIN,AL,1965,774,600,174,102,0.324,0.399,0.254,1,1,2,162,,,,,,,,,,,,,,,
MLN,NL,1965,708,633,75,86,0.31,0.416,0.256,0,,,162,,,,,,,,,,,,,,,
NYM,NL,1965,495,752,-257,50,0.277,0.327,0.221,0,,,164,,,,,,,,,,,,,,,
NYY,AL,1965,611,604,7,77,0.299,0.364,0.235,0,,,162,,,,,,,,,,,,,,,
PHI,NL,1965,654,667,-13,85,0.313,0.384,0.25,0,,,162,,,,,,,,,,,,,,,
PIT,NL,1965,675,580,95,90,0.317,0.382,0.265,0,,,163,,,,,,,,,,,,,,,
SFG,NL,1965,682,593,89,95,0.313,0.385,0.252,0,,,163,,,,,,,,,,,,,,,
STL,NL,1965,707,674,33,80,0.314,0.371,0.254,0,,,162,,,,,,,,,,,,,,,
WSA,AL,1965,591,721,-130,70,0.304,0.35,0.228,0,,,162,,,,,,,,,,,,,,,
BAL,AL,1964,679,567,112,97,0.316,0.387,0.248,0,,,163,,,,,,,,,,,,,,,
BOS,AL,1964,688,793,-105,72,0.322,0.416,0.258,0,,,162,,,,,,,,,,,,,,,
CHC,NL,1964,649,724,-75,76,0.314,0.39,0.251,0,,,162,,,,,,,,,,,,,,,
CHW,AL,1964,642,501,141,98,0.32,0.353,0.247,0,,,162,,,,,,,,,,,,,,,
CIN,NL,1964,660,566,94,92,0.308,0.372,0.249,0,,,163,,,,,,,,,,,,,,,
CLE,AL,1964,689,693,-4,79,0.312,0.38,0.247,0,,,164,,,,,,,,,,,,,,,
DET,AL,1964,699,678,21,85,0.319,0.395,0.253,0,,,163,,,,,,,,,,,,,,,
HOU,NL,1964,495,628,-133,66,0.285,0.315,0.229,0,,,162,,,,,,,,,,,,,,,
KCA,AL,1964,621,836,-215,57,0.311,0.379,0.239,0,,,163,,,,,,,,,,,,,,,
LAA,AL,1964,544,551,-7,82,0.304,0.344,0.242,0,,,162,,,,,,,,,,,,,,,
LAD,NL,1964,614,572,42,80,0.305,0.34,0.25,0,,,164,,,,,,,,,,,,,,,
MIN,AL,1964,737,678,59,79,0.322,0.427,0.252,0,,,163,,,,,,,,,,,,,,,
MLN,NL,1964,803,744,59,88,0.333,0.418,0.272,0,,,162,,,,,,,,,,,,,,,
NYM,NL,1964,569,776,-207,53,0.296,0.348,0.246,0,,,163,,,,,,,,,,,,,,,
NYY,AL,1964,730,577,153,99,0.317,0.387,0.253,1,1,2,164,,,,,,,,,,,,,,,
PHI,NL,1964,693,632,61,92,0.315,0.391,0.258,0,,,162,,,,,,,,,,,,,,,
PIT,NL,1964,663,636,27,80,0.315,0.389,0.264,0,,,162,,,,,,,,,,,,,,,
SFG,NL,1964,656,587,69,90,0.31,0.382,0.246,0,,,162,,,,,,,,,,,,,,,
STL,NL,1964,715,652,63,93,0.324,0.392,0.272,1,2,1,162,,,,,,,,,,,,,,,
WSA,AL,1964,578,733,-155,62,0.299,0.348,0.231,0,,,162,,,,,,,,,,,,,,,
BAL,AL,1963,644,621,23,86,0.31,0.38,0.249,0,,,162,,,,,,,,,,,,,,,
BOS,AL,1963,666,704,-38,76,0.312,0.4,0.252,0,,,161,,,,,,,,,,,,,,,
CHC,NL,1963,570,578,-8,82,0.297,0.363,0.238,0,,,162,,,,,,,,,,,,,,,
CHW,AL,1963,683,544,139,94,0.323,0.365,0.25,0,,,162,,,,,,,,,,,,,,,
CIN,NL,1963,648,594,54,86,0.31,0.371,0.246,0,,,162,,,,,,,,,,,,,,,
CLE,AL,1963,635,702,-67,79,0.301,0.381,0.239,0,,,162,,,,,,,,,,,,,,,
DET,AL,1963,700,703,-3,79,0.327,0.382,0.252,0,,,162,,,,,,,,,,,,,,,
HOU,NL,1963,464,640,-176,66,0.283,0.301,0.22,0,,,162,,,,,,,,,,,,,,,
KCA,AL,1963,615,704,-89,73,0.313,0.353,0.247,0,,,162,,,,,,,,,,,,,,,
LAA,AL,1963,597,660,-63,70,0.309,0.354,0.25,0,,,161,,,,,,,,,,,,,,,
LAD,NL,1963,640,550,90,99,0.309,0.357,0.251,1,2,1,163,,,,,,,,,,,,,,,
MIN,AL,1963,767,602,165,91,0.325,0.43,0.255,0,,,161,,,,,,,,,,,,,,,
MLN,NL,1963,677,603,74,84,0.312,0.37,0.244,0,,,163,,,,,,,,,,,,,,,
NYM,NL,1963,501,774,-273,51,0.285,0.315,0.219,0,,,162,,,,,,,,,,,,,,,
NYY,AL,1963,714,547,167,104,0.309,0.403,0.252,1,1,2,161,,,,,,,,,,,,,,,
PHI,NL,1963,642,578,64,87,0.306,0.381,0.252,0,,,162,,,,,,,,,,,,,,,
PIT,NL,1963,567,595,-28,74,0.309,0.359,0.25,0,,,162,,,,,,,,,,,,,,,
SFG,NL,1963,725,641,84,88,0.316,0.414,0.258,0,,,162,,,,,,,,,,,,,,,
STL,NL,1963,747,628,119,93,0.326,0.403,0.271,0,,,162,,,,,,,,,,,,,,,
WSA,AL,1963,578,812,-234,56,0.293,0.351,0.227,0,,,162,,,,,,,,,,,,,,,
BAL,AL,1962,652,680,-28,77,0.314,0.387,0.248,0,,,162,,,,,,,,,,,,,,,
BOS,AL,1962,707,756,-49,76,0.324,0.403,0.258,0,,,160,,,,,,,,,,,,,,,
CHC,NL,1962,632,827,-195,59,0.317,0.377,0.253,0,,,162,,,,,,,,,,,,,,,
CHW,AL,1962,707,658,49,85,0.334,0.372,0.257,0,,,162,,,,,,,,,,,,,,,
CIN,NL,1962,802,685,117,98,0.332,0.417,0.27,0,,,162,,,,,,,,,,,,,,,
CLE,AL,1962,682,745,-63,80,0.312,0.388,0.245,0,,,162,,,,,,,,,,,,,,,
DET,AL,1962,758,692,66,85,0.33,0.411,0.248,0,,,161,,,,,,,,,,,,,,,
HOU,NL,1962,592,717,-125,64,0.31,0.351,0.246,0,,,162,,,,,,,,,,,,,,,
KCA,AL,1962,745,837,-92,72,0.332,0.386,0.263,0,,,162,,,,,,,,,,,,,,,
LAA,AL,1962,718,706,12,86,0.325,0.38,0.25,0,,,162,,,,,,,,,,,,,,,
LAD,NL,1962,842,697,145,102,0.337,0.4,0.268,0,,,165,,,,,,,,,,,,,,,
MIN,AL,1962,798,713,85,91,0.338,0.412,0.26,0,,,163,,,,,,,,,,,,,,,
MLN,NL,1962,730,665,65,86,0.326,0.403,0.252,0,,,162,,,,,,,,,,,,,,,
NYM,NL,1962,617,948,-331,40,0.318,0.361,0.24,0,,,161,,,,,,,,,,,,,,,
NYY,AL,1962,817,680,137,96,0.337,0.426,0.267,1,2,1,162,,,,,,,,,,,,,,,
PHI,NL,1962,705,759,-54,81,0.33,0.39,0.26,0,,,161,,,,,,,,,,,,,,,
PIT,NL,1962,706,626,80,93,0.321,0.394,0.268,0,,,161,,,,,,,,,,,,,,,
SFG,NL,1962,878,690,188,103,0.341,0.441,0.278,1,1,2,165,,,,,,,,,,,,,,,
STL,NL,1962,774,664,110,84,0.335,0.394,0.271,0,,,163,,,,,,,,,,,,,,,
WSA,AL,1962,599,716,-117,60,0.308,0.373,0.25,0,,,162,,,,,,,,,,,,,,,
